Timestamp;Topico;Valor
2025-11-15T22:46:51.416213;lan/sala2/sensor/temp;23.04
2025-11-15T22:50:03.182038;lan/sala1/sensor/hum;22.37
2025-11-15T22:50:03.475239;lan/sala2/sensor/temp;22.78
2025-11-15T22:50:04.476456;lan/sala2/sensor/temp;22.31
2025-11-15T22:50:04.528480;lan/sala1/sensor/temp;22.43
2025-11-15T22:50:06.182747;lan/sala1/sensor/hum;23.39
2025-11-15T22:50:07.477228;lan/sala2/sensor/temp;24.0
2025-11-15T22:50:07.529584;lan/sala1/sensor/temp;24.16
2025-11-15T22:50:08.183239;lan/sala1/sensor/hum;22.65
2025-11-15T22:50:10.477439;lan/sala2/sensor/temp;22.19
2025-11-15T22:50:10.529834;lan/sala1/sensor/temp;20.07
2025-11-15T22:50:11.183687;lan/sala1/sensor/hum;24.06
2025-11-15T22:50:13.478107;lan/sala2/sensor/temp;22.16
2025-11-15T22:50:42.770526;lan/sala1/sensor/hum;24.55
2025-11-15T22:50:43.099805;lan/sala2/sensor/temp;22.64
2025-11-15T22:50:43.694364;lan/sala1/sensor/temp;23.5
2025-11-15T22:50:44.099952;lan/sala2/sensor/temp;22.16
2025-11-15T22:50:44.771576;lan/sala1/sensor/hum;20.36
2025-11-15T22:50:45.100218;lan/sala2/sensor/temp;23.05
2025-11-15T22:50:45.771952;lan/sala1/sensor/hum;24.86
2025-11-15T22:50:46.695583;lan/sala1/sensor/temp;23.1
2025-11-15T22:50:47.773165;lan/sala1/sensor/hum;22.11
2025-11-15T22:50:48.100669;lan/sala2/sensor/temp;20.99
2025-11-15T22:50:49.696487;lan/sala1/sensor/temp;21.25
2025-11-15T22:50:49.774186;lan/sala1/sensor/hum;22.28
2025-11-15T22:50:50.101211;lan/sala2/sensor/temp;21.03
2025-11-15T22:50:52.696751;lan/sala1/sensor/temp;23.61
2025-11-15T22:50:52.775270;lan/sala1/sensor/hum;22.19
2025-11-15T22:50:53.101787;lan/sala2/sensor/temp;21.73
2025-11-15T22:50:54.102292;lan/sala2/sensor/temp;23.92
2025-11-15T22:50:54.775824;lan/sala1/sensor/hum;20.8
2025-11-15T22:50:55.697171;lan/sala1/sensor/temp;22.56
2025-11-15T22:50:55.777064;lan/sala1/sensor/hum;21.89
2025-11-15T22:50:57.102798;lan/sala2/sensor/temp;21.4
2025-11-15T22:50:57.698179;lan/sala1/sensor/temp;20.04
2025-11-15T22:50:58.103560;lan/sala2/sensor/temp;22.23
2025-11-15T22:50:58.778261;lan/sala1/sensor/hum;23.5
2025-11-15T22:50:59.104180;lan/sala2/sensor/temp;21.41
2025-11-15T22:50:59.698468;lan/sala1/sensor/temp;22.91
2025-11-15T22:51:01.105308;lan/sala2/sensor/temp;24.92
2025-11-15T22:51:01.699099;lan/sala1/sensor/temp;24.83
2025-11-15T22:51:01.778941;lan/sala1/sensor/hum;20.49
2025-11-15T22:51:03.700092;lan/sala1/sensor/temp;23.92
2025-11-15T22:51:03.779515;lan/sala1/sensor/hum;24.09
2025-11-15T22:51:04.105577;lan/sala2/sensor/temp;20.31
2025-11-15T22:51:05.105826;lan/sala2/sensor/temp;21.18
2025-11-15T22:51:05.701494;lan/sala1/sensor/temp;22.2
2025-11-15T22:51:06.779907;lan/sala1/sensor/hum;22.85
2025-11-15T22:51:07.106336;lan/sala2/sensor/temp;21.33
2025-11-15T22:51:08.702264;lan/sala1/sensor/temp;22.05
2025-11-15T22:51:09.106536;lan/sala2/sensor/temp;20.85
2025-11-15T22:51:09.780826;lan/sala1/sensor/hum;20.85
2025-11-15T22:51:10.702805;lan/sala1/sensor/temp;23.11
2025-11-15T22:51:11.703471;lan/sala1/sensor/temp;23.88
2025-11-15T22:51:12.107336;lan/sala2/sensor/temp;23.05
2025-11-15T22:51:12.703787;lan/sala1/sensor/temp;24.02
2025-11-15T22:51:12.781620;lan/sala1/sensor/hum;20.66
2025-11-15T22:51:13.704610;lan/sala1/sensor/temp;21.98
2025-11-15T22:51:14.704831;lan/sala1/sensor/temp;20.91
2025-11-15T22:51:15.107941;lan/sala2/sensor/temp;20.28
2025-11-15T22:51:15.781843;lan/sala1/sensor/hum;24.46
2025-11-15T22:51:16.706025;lan/sala1/sensor/temp;23.0
2025-11-15T22:51:17.108441;lan/sala2/sensor/temp;22.89
2025-11-15T22:51:18.782293;lan/sala1/sensor/hum;23.19
2025-11-15T22:51:19.706359;lan/sala1/sensor/temp;22.07
2025-11-15T22:51:20.109469;lan/sala2/sensor/temp;21.12
2025-11-15T22:51:21.782971;lan/sala1/sensor/hum;24.96
2025-11-15T22:51:22.707500;lan/sala1/sensor/temp;23.65
2025-11-15T22:51:23.110470;lan/sala2/sensor/temp;24.41
2025-11-15T22:51:23.707738;lan/sala1/sensor/temp;20.08
2025-11-15T22:51:23.783428;lan/sala1/sensor/hum;21.61
2025-11-15T22:51:24.110754;lan/sala2/sensor/temp;21.23
2025-11-15T22:51:26.708153;lan/sala1/sensor/temp;23.69
2025-11-15T22:51:26.783678;lan/sala1/sensor/hum;20.47
2025-11-15T22:51:27.112019;lan/sala2/sensor/temp;22.94
2025-11-15T22:51:28.709315;lan/sala1/sensor/temp;21.63
2025-11-15T22:51:28.784300;lan/sala1/sensor/hum;23.04
2025-11-15T22:51:30.112596;lan/sala2/sensor/temp;21.71
2025-11-15T22:51:30.709916;lan/sala1/sensor/temp;22.25
2025-11-15T22:51:31.710483;lan/sala1/sensor/temp;22.29
2025-11-15T22:51:31.785398;lan/sala1/sensor/hum;20.08
2025-11-15T22:51:32.113200;lan/sala2/sensor/temp;24.14
2025-11-15T22:51:33.711014;lan/sala1/sensor/temp;20.26
2025-11-15T22:51:33.785548;lan/sala1/sensor/hum;23.88
2025-11-15T22:51:34.113514;lan/sala2/sensor/temp;23.02
2025-11-15T22:51:34.785973;lan/sala1/sensor/hum;23.37
2025-11-15T22:51:35.113853;lan/sala2/sensor/temp;23.13
2025-11-15T22:51:35.712174;lan/sala1/sensor/temp;22.19
2025-11-15T22:51:36.713238;lan/sala1/sensor/temp;21.36
2025-11-15T22:51:36.786028;lan/sala1/sensor/hum;23.12
2025-11-15T22:51:37.115037;lan/sala2/sensor/temp;23.51
2025-11-15T22:51:37.786968;lan/sala1/sensor/hum;21.36
2025-11-15T22:51:38.713673;lan/sala1/sensor/temp;21.45
2025-11-15T22:51:39.714075;lan/sala1/sensor/temp;21.7
2025-11-15T22:51:40.116278;lan/sala2/sensor/temp;20.55
2025-11-15T22:51:40.714477;lan/sala1/sensor/temp;24.24
2025-11-15T22:51:40.788096;lan/sala1/sensor/hum;23.5
2025-11-15T22:51:41.117345;lan/sala2/sensor/temp;23.15
2025-11-15T22:51:41.788384;lan/sala1/sensor/hum;21.19
2025-11-15T22:51:42.117604;lan/sala2/sensor/temp;20.04
2025-11-15T22:51:42.714777;lan/sala1/sensor/temp;22.7
2025-11-15T22:51:43.715912;lan/sala1/sensor/temp;22.98
2025-11-15T22:51:44.789521;lan/sala1/sensor/hum;24.53
2025-11-15T22:51:45.118314;lan/sala2/sensor/temp;20.51
2025-11-15T22:51:45.717020;lan/sala1/sensor/temp;23.99
2025-11-15T22:51:46.717351;lan/sala1/sensor/temp;21.67
2025-11-15T22:51:46.789828;lan/sala1/sensor/hum;23.4
2025-11-15T22:51:47.118935;lan/sala2/sensor/temp;21.67
2025-11-15T22:51:47.718327;lan/sala1/sensor/temp;23.68
2025-11-15T22:51:49.120165;lan/sala2/sensor/temp;21.32
2025-11-15T22:51:49.719783;lan/sala1/sensor/temp;23.89
2025-11-15T22:51:49.790494;lan/sala1/sensor/hum;22.28
2025-11-15T22:51:50.720393;lan/sala1/sensor/temp;20.35
2025-11-15T22:51:50.791148;lan/sala1/sensor/hum;24.52
2025-11-15T22:51:51.120695;lan/sala2/sensor/temp;22.03
2025-11-15T22:51:52.121220;lan/sala2/sensor/temp;24.98
2025-11-15T22:51:52.791847;lan/sala1/sensor/hum;23.07
2025-11-15T22:51:53.721584;lan/sala1/sensor/temp;24.7
2025-11-15T22:51:54.722017;lan/sala1/sensor/temp;23.86
2025-11-15T22:51:54.792111;lan/sala1/sensor/hum;21.79
2025-11-15T22:51:55.121786;lan/sala2/sensor/temp;23.87
2025-11-15T22:51:55.793106;lan/sala1/sensor/hum;22.71
2025-11-15T22:51:57.722598;lan/sala1/sensor/temp;20.08
2025-11-15T22:51:57.793572;lan/sala1/sensor/hum;21.51
2025-11-15T22:51:58.122396;lan/sala2/sensor/temp;24.32
2025-11-15T22:51:58.723009;lan/sala1/sensor/temp;21.98
2025-11-15T22:52:00.723454;lan/sala1/sensor/temp;21.65
2025-11-15T22:52:00.793947;lan/sala1/sensor/hum;20.8
2025-11-15T22:52:01.123012;lan/sala2/sensor/temp;21.72
2025-11-15T22:52:01.794307;lan/sala1/sensor/hum;24.27
2025-11-15T22:52:02.723960;lan/sala1/sensor/temp;23.08
2025-11-15T22:52:02.795331;lan/sala1/sensor/hum;20.08
2025-11-15T22:52:03.123401;lan/sala2/sensor/temp;23.17
2025-11-15T22:52:04.795978;lan/sala1/sensor/hum;22.83
2025-11-15T22:52:05.724262;lan/sala1/sensor/temp;24.12
2025-11-15T22:52:06.124066;lan/sala2/sensor/temp;24.93
2025-11-15T22:54:06.714312;lan/sala2/sensor/temp;22.45
2025-11-15T22:54:06.747153;lan/sala1/sensor/hum;23.47
2025-11-15T22:54:06.758158;lan/sala1/sensor/temp;22.17
2025-11-15T22:54:07.747509;lan/sala1/sensor/hum;22.53
2025-11-15T22:54:08.759608;lan/sala1/sensor/temp;24.94
2025-11-15T22:54:09.714608;lan/sala2/sensor/temp;23.91
2025-11-15T22:54:09.760031;lan/sala1/sensor/temp;24.89
2025-11-15T22:54:10.748155;lan/sala1/sensor/hum;21.51
2025-11-15T22:54:12.716009;lan/sala2/sensor/temp;22.53
2025-11-15T22:54:12.761134;lan/sala1/sensor/temp;20.34
2025-11-15T22:54:13.749658;lan/sala1/sensor/hum;21.68
2025-11-15T22:54:14.761772;lan/sala1/sensor/temp;20.81
2025-11-15T22:54:15.716427;lan/sala2/sensor/temp;24.86
2025-11-15T22:54:16.749784;lan/sala1/sensor/hum;22.51
2025-11-15T22:54:17.762011;lan/sala1/sensor/temp;21.2
2025-11-15T23:14:24.039671;lan/sala2/sensor/temp;23.28
2025-11-15T23:14:24.103657;lan/sala1/sensor/temp;22.27
2025-11-15T23:14:24.104421;lan/sala1/sensor/hum;21.26
2025-11-15T23:14:25.040132;lan/sala2/sensor/temp;23.17
2025-11-15T23:14:25.104488;lan/sala1/sensor/hum;23.72
2025-11-15T23:14:25.105332;lan/sala1/sensor/temp;21.95
2025-11-15T23:14:27.104831;lan/sala1/sensor/hum;24.56
2025-11-15T23:14:27.105533;lan/sala1/sensor/temp;20.3
2025-11-15T23:14:28.040358;lan/sala2/sensor/temp;21.36
2025-11-15T23:14:29.040663;lan/sala2/sensor/temp;20.37
2025-11-15T23:14:29.105789;lan/sala1/sensor/hum;20.81
2025-11-15T23:14:30.105534;lan/sala1/sensor/temp;23.6
2025-11-15T23:14:30.106241;lan/sala1/sensor/hum;22.09
2025-11-15T23:14:31.041163;lan/sala2/sensor/temp;20.5
2025-11-15T23:14:31.106777;lan/sala1/sensor/hum;22.42
2025-11-15T23:14:32.041803;lan/sala2/sensor/temp;24.44
2025-11-15T23:14:33.105954;lan/sala1/sensor/temp;21.96
2025-11-15T23:14:34.042626;lan/sala2/sensor/temp;20.26
2025-11-15T23:14:34.107009;lan/sala1/sensor/hum;20.41
2025-11-15T23:14:35.108107;lan/sala1/sensor/hum;22.4
2025-11-15T23:14:36.042897;lan/sala2/sensor/temp;21.28
2025-11-15T23:14:36.107308;lan/sala1/sensor/temp;20.14
2025-11-15T23:14:36.109035;lan/sala1/sensor/hum;24.23
2025-11-15T23:14:37.107506;lan/sala1/sensor/temp;22.88
2025-11-15T23:14:37.109371;lan/sala1/sensor/hum;20.29
2025-11-15T23:14:38.043245;lan/sala2/sensor/temp;24.66
2025-11-15T23:14:38.109670;lan/sala1/sensor/hum;22.17
2025-11-15T23:14:40.108487;lan/sala1/sensor/temp;21.37
2025-11-15T23:14:41.043508;lan/sala2/sensor/temp;24.12
2025-11-15T23:14:41.109947;lan/sala1/sensor/hum;20.88
2025-11-15T23:14:42.109645;lan/sala1/sensor/temp;24.81
2025-11-15T23:14:42.110432;lan/sala1/sensor/hum;24.62
2025-11-15T23:14:44.043741;lan/sala2/sensor/temp;20.75
2025-11-15T23:14:45.043994;lan/sala2/sensor/temp;20.43
2025-11-15T23:14:45.109950;lan/sala1/sensor/temp;23.43
2025-11-15T23:14:45.110655;lan/sala1/sensor/hum;23.34
2025-11-15T23:14:46.110461;lan/sala1/sensor/temp;22.18
2025-11-15T23:14:46.111106;lan/sala1/sensor/hum;22.09
2025-11-15T23:14:47.044257;lan/sala2/sensor/temp;21.77
2025-11-15T23:14:47.111465;lan/sala1/sensor/temp;20.63
2025-11-15T23:14:48.111486;lan/sala1/sensor/hum;21.06
2025-11-15T23:14:49.112610;lan/sala1/sensor/temp;21.83
2025-11-15T23:14:50.044483;lan/sala2/sensor/temp;22.35
2025-11-15T23:14:50.112501;lan/sala1/sensor/hum;21.41
2025-11-15T23:14:51.044765;lan/sala2/sensor/temp;24.2
2025-11-15T23:14:52.045939;lan/sala2/sensor/temp;22.7
2025-11-15T23:14:52.113000;lan/sala1/sensor/temp;20.82
2025-11-15T23:14:53.046215;lan/sala2/sensor/temp;21.71
2025-11-15T23:14:53.113008;lan/sala1/sensor/hum;23.23
2025-11-15T23:14:54.113539;lan/sala1/sensor/hum;20.89
2025-11-15T23:14:54.114371;lan/sala1/sensor/temp;21.77
2025-11-15T23:14:55.114143;lan/sala1/sensor/hum;22.54
2025-11-15T23:14:56.046442;lan/sala2/sensor/temp;20.51
2025-11-15T23:14:56.113954;lan/sala1/sensor/temp;24.84
2025-11-15T23:14:57.115190;lan/sala1/sensor/hum;23.19
2025-11-15T23:14:58.046731;lan/sala2/sensor/temp;22.78
2025-11-15T23:14:58.114556;lan/sala1/sensor/temp;21.99
2025-11-15T23:15:00.046955;lan/sala2/sensor/temp;22.36
2025-11-15T23:15:00.114978;lan/sala1/sensor/temp;22.43
2025-11-15T23:15:00.116274;lan/sala1/sensor/hum;21.14
2025-11-15T23:15:01.116580;lan/sala1/sensor/hum;21.22
2025-11-15T23:15:03.048048;lan/sala2/sensor/temp;21.26
2025-11-15T23:15:03.116178;lan/sala1/sensor/temp;24.48
2025-11-15T23:15:03.117021;lan/sala1/sensor/hum;24.87
2025-11-15T23:15:05.118056;lan/sala1/sensor/hum;21.46
2025-11-15T23:15:06.048333;lan/sala2/sensor/temp;24.46
2025-11-15T23:15:06.116913;lan/sala1/sensor/temp;20.72
2025-11-15T23:15:06.118805;lan/sala1/sensor/hum;21.19
2025-11-15T23:15:07.049078;lan/sala2/sensor/temp;24.69
2025-11-15T23:15:08.050084;lan/sala2/sensor/temp;23.96
2025-11-15T23:15:08.118090;lan/sala1/sensor/temp;20.41
2025-11-15T23:15:09.050311;lan/sala2/sensor/temp;23.47
2025-11-15T23:15:09.118318;lan/sala1/sensor/temp;24.93
2025-11-15T23:15:09.119221;lan/sala1/sensor/hum;20.39
2025-11-15T23:15:10.118946;lan/sala1/sensor/temp;24.27
2025-11-15T23:15:10.120145;lan/sala1/sensor/hum;21.02
2025-11-15T23:15:11.051488;lan/sala2/sensor/temp;21.79
2025-11-15T23:15:11.119504;lan/sala1/sensor/temp;24.98
2025-11-15T23:15:12.119753;lan/sala1/sensor/temp;21.03
2025-11-15T23:15:12.120978;lan/sala1/sensor/hum;20.42
2025-11-15T23:15:13.120952;lan/sala1/sensor/temp;22.89
2025-11-15T23:15:13.121709;lan/sala1/sensor/hum;21.78
2025-11-15T23:15:14.051731;lan/sala2/sensor/temp;24.02
2025-11-15T23:15:15.121760;lan/sala1/sensor/hum;20.6
2025-11-15T23:15:16.052058;lan/sala2/sensor/temp;22.16
2025-11-15T23:15:16.121895;lan/sala1/sensor/temp;22.83
2025-11-15T23:15:18.122990;lan/sala1/sensor/hum;24.8
2025-11-15T23:15:18.123837;lan/sala1/sensor/temp;20.6
2025-11-15T23:15:19.052274;lan/sala2/sensor/temp;22.75
2025-11-15T23:15:20.052548;lan/sala2/sensor/temp;24.79
2025-11-15T23:15:20.123636;lan/sala1/sensor/temp;22.37
2025-11-15T23:15:21.123626;lan/sala1/sensor/hum;21.98
2025-11-15T23:15:22.124337;lan/sala1/sensor/temp;22.67
2025-11-15T23:15:23.052800;lan/sala2/sensor/temp;21.9
2025-11-15T23:15:24.053383;lan/sala2/sensor/temp;20.59
2025-11-15T23:15:24.124112;lan/sala1/sensor/hum;20.39
2025-11-15T23:15:24.124749;lan/sala1/sensor/temp;21.98
2025-11-15T23:15:26.054105;lan/sala2/sensor/temp;24.48
2025-11-15T23:15:26.125048;lan/sala1/sensor/hum;20.73
2025-11-15T23:15:26.125985;lan/sala1/sensor/temp;24.4
2025-11-15T23:15:27.126591;lan/sala1/sensor/temp;20.89
2025-11-15T23:15:28.125305;lan/sala1/sensor/hum;23.27
2025-11-15T23:15:28.127223;lan/sala1/sensor/temp;24.96
2025-11-15T23:15:29.054397;lan/sala2/sensor/temp;24.96
2025-11-15T23:15:31.054646;lan/sala2/sensor/temp;24.31
2025-11-15T23:15:31.125583;lan/sala1/sensor/hum;24.37
2025-11-15T23:15:31.127467;lan/sala1/sensor/temp;23.42
2025-11-15T23:15:32.055467;lan/sala2/sensor/temp;24.94
2025-11-15T23:15:33.055967;lan/sala2/sensor/temp;23.41
2025-11-15T23:15:33.126597;lan/sala1/sensor/hum;21.36
2025-11-15T23:15:34.127134;lan/sala1/sensor/hum;21.28
2025-11-15T23:15:34.127968;lan/sala1/sensor/temp;22.13
2025-11-15T23:15:36.056833;lan/sala2/sensor/temp;20.31
2025-11-15T23:15:36.127587;lan/sala1/sensor/hum;20.06
2025-11-15T23:15:37.128642;lan/sala1/sensor/temp;20.31
2025-11-15T23:15:38.057507;lan/sala2/sensor/temp;22.03
2025-11-15T23:15:39.128298;lan/sala1/sensor/hum;20.16
2025-11-15T23:15:39.129080;lan/sala1/sensor/temp;22.33
2025-11-15T23:15:40.129340;lan/sala1/sensor/temp;21.28
2025-11-15T23:15:41.058687;lan/sala2/sensor/temp;23.06
2025-11-15T23:15:41.129382;lan/sala1/sensor/hum;22.77
2025-11-15T23:15:42.059487;lan/sala2/sensor/temp;22.95
2025-11-15T23:15:42.130491;lan/sala1/sensor/temp;24.94
2025-11-15T23:15:43.130489;lan/sala1/sensor/hum;23.78
2025-11-15T23:15:43.131289;lan/sala1/sensor/temp;21.05
2025-11-15T23:15:44.059734;lan/sala2/sensor/temp;23.37
2025-11-15T23:15:45.131711;lan/sala1/sensor/temp;24.56
2025-11-15T23:15:45.132604;lan/sala1/sensor/hum;24.76
2025-11-15T23:15:46.060039;lan/sala2/sensor/temp;23.78
2025-11-15T23:15:46.132192;lan/sala1/sensor/hum;21.49
2025-11-15T23:15:47.132694;lan/sala1/sensor/temp;22.76
2025-11-15T23:15:48.132722;lan/sala1/sensor/hum;23.17
2025-11-15T23:15:49.060285;lan/sala2/sensor/temp;24.64
2025-11-15T23:15:50.133920;lan/sala1/sensor/temp;20.68
2025-11-15T23:15:51.061041;lan/sala2/sensor/temp;23.69
2025-11-15T23:15:51.133851;lan/sala1/sensor/hum;23.11
2025-11-15T23:15:51.134575;lan/sala1/sensor/temp;21.58
2025-11-15T23:15:52.061551;lan/sala2/sensor/temp;24.05
2025-11-15T23:15:53.061817;lan/sala2/sensor/temp;20.29
2025-11-15T23:15:53.134569;lan/sala1/sensor/hum;24.15
2025-11-15T23:15:54.135035;lan/sala1/sensor/hum;23.1
2025-11-15T23:15:54.135869;lan/sala1/sensor/temp;23.68
2025-11-15T23:15:56.062050;lan/sala2/sensor/temp;23.17
2025-11-15T23:15:57.135359;lan/sala1/sensor/hum;20.59
2025-11-15T23:15:57.136585;lan/sala1/sensor/temp;22.86
2025-11-15T23:15:58.062561;lan/sala2/sensor/temp;21.77
2025-11-15T23:15:58.135800;lan/sala1/sensor/temp;21.29
2025-11-15T23:15:59.135881;lan/sala1/sensor/hum;22.37
2025-11-15T23:16:00.062818;lan/sala2/sensor/temp;22.81
2025-11-15T23:16:00.136521;lan/sala1/sensor/hum;22.89
2025-11-15T23:16:01.136087;lan/sala1/sensor/temp;25.0
2025-11-15T23:16:03.063064;lan/sala2/sensor/temp;24.62
2025-11-15T23:16:03.136821;lan/sala1/sensor/hum;20.91
2025-11-15T23:16:04.136441;lan/sala1/sensor/temp;22.13
2025-11-15T23:16:05.137601;lan/sala1/sensor/hum;24.52
2025-11-15T23:16:06.063338;lan/sala2/sensor/temp;21.48
2025-11-15T23:16:07.063655;lan/sala2/sensor/temp;22.07
2025-11-15T23:16:07.136766;lan/sala1/sensor/temp;22.43
2025-11-15T23:16:08.138682;lan/sala1/sensor/hum;24.4
2025-11-15T23:16:09.064534;lan/sala2/sensor/temp;24.54
2025-11-15T23:16:09.137005;lan/sala1/sensor/temp;20.3
2025-11-15T23:16:10.064771;lan/sala2/sensor/temp;22.38
2025-11-15T23:16:11.138019;lan/sala1/sensor/temp;24.04
2025-11-15T23:16:11.138915;lan/sala1/sensor/hum;23.08
2025-11-15T23:16:12.065114;lan/sala2/sensor/temp;21.05
2025-11-15T23:16:12.138277;lan/sala1/sensor/temp;24.78
2025-11-15T23:16:12.139142;lan/sala1/sensor/hum;20.93
2025-11-15T23:16:13.139472;lan/sala1/sensor/temp;24.94
2025-11-15T23:16:14.065823;lan/sala2/sensor/temp;22.57
2025-11-15T23:16:14.139765;lan/sala1/sensor/temp;24.58
2025-11-15T23:16:15.066130;lan/sala2/sensor/temp;21.4
2025-11-15T23:16:15.139818;lan/sala1/sensor/hum;24.37
2025-11-15T23:16:17.066602;lan/sala2/sensor/temp;21.9
2025-11-15T23:16:17.140338;lan/sala1/sensor/temp;22.81
2025-11-15T23:16:17.141270;lan/sala1/sensor/hum;20.77
2025-11-15T23:16:19.067802;lan/sala2/sensor/temp;24.59
2025-11-15T23:16:20.068088;lan/sala2/sensor/temp;24.14
2025-11-15T23:16:20.140630;lan/sala1/sensor/temp;21.21
2025-11-15T23:16:20.141356;lan/sala1/sensor/hum;21.29
2025-11-15T23:16:21.141880;lan/sala1/sensor/hum;21.66
2025-11-15T23:16:22.069283;lan/sala2/sensor/temp;20.66
2025-11-15T23:16:23.141525;lan/sala1/sensor/temp;23.21
2025-11-15T23:16:24.070532;lan/sala2/sensor/temp;24.56
2025-11-15T23:16:24.142339;lan/sala1/sensor/hum;21.19
2025-11-15T23:16:25.071469;lan/sala2/sensor/temp;24.03
2025-11-15T23:16:25.143376;lan/sala1/sensor/hum;20.27
2025-11-15T23:16:26.141823;lan/sala1/sensor/temp;20.98
2025-11-15T23:16:27.142145;lan/sala1/sensor/temp;21.83
2025-11-15T23:16:28.072119;lan/sala2/sensor/temp;21.53
2025-11-15T23:16:28.142597;lan/sala1/sensor/temp;22.52
2025-11-15T23:16:28.143580;lan/sala1/sensor/hum;23.12
2025-11-15T23:16:29.144500;lan/sala1/sensor/hum;23.0
2025-11-15T23:16:30.145499;lan/sala1/sensor/hum;23.79
2025-11-15T23:16:31.072399;lan/sala2/sensor/temp;20.36
2025-11-15T23:16:31.143655;lan/sala1/sensor/temp;20.58
2025-11-15T23:16:32.073531;lan/sala2/sensor/temp;21.07
2025-11-15T23:16:32.146205;lan/sala1/sensor/hum;20.83
2025-11-15T23:16:33.074633;lan/sala2/sensor/temp;20.51
2025-11-15T23:16:33.144798;lan/sala1/sensor/temp;22.63
2025-11-15T23:16:34.075804;lan/sala2/sensor/temp;20.67
2025-11-15T23:16:34.145801;lan/sala1/sensor/temp;23.15
2025-11-15T23:16:35.146860;lan/sala1/sensor/hum;21.11
2025-11-15T23:16:36.076121;lan/sala2/sensor/temp;23.04
2025-11-15T23:16:36.146832;lan/sala1/sensor/temp;23.11
2025-11-15T23:16:36.147633;lan/sala1/sensor/hum;22.41
2025-11-15T23:16:38.077284;lan/sala2/sensor/temp;23.87
2025-11-15T23:16:38.148116;lan/sala1/sensor/temp;23.8
2025-11-15T23:16:39.147873;lan/sala1/sensor/hum;21.87
2025-11-15T23:16:40.149142;lan/sala1/sensor/hum;22.64
2025-11-15T23:16:41.078528;lan/sala2/sensor/temp;22.47
2025-11-15T23:16:41.148564;lan/sala1/sensor/temp;21.58
2025-11-15T23:16:41.149403;lan/sala1/sensor/hum;24.44
2025-11-15T23:16:43.079454;lan/sala2/sensor/temp;21.9
2025-11-15T23:16:44.149523;lan/sala1/sensor/temp;21.57
2025-11-15T23:16:44.150264;lan/sala1/sensor/hum;21.76
2025-11-15T23:16:45.079696;lan/sala2/sensor/temp;20.71
2025-11-15T23:16:47.079952;lan/sala2/sensor/temp;24.27
2025-11-15T23:16:47.149842;lan/sala1/sensor/temp;20.05
2025-11-15T23:16:47.150586;lan/sala1/sensor/hum;22.82
2025-11-15T23:16:49.080195;lan/sala2/sensor/temp;22.03
2025-11-15T23:16:49.151516;lan/sala1/sensor/hum;21.12
2025-11-15T23:16:50.150514;lan/sala1/sensor/temp;23.91
2025-11-15T23:16:50.152019;lan/sala1/sensor/hum;23.87
2025-11-15T23:16:51.151035;lan/sala1/sensor/temp;24.76
2025-11-15T23:16:52.080470;lan/sala2/sensor/temp;22.31
2025-11-15T23:16:53.152013;lan/sala1/sensor/temp;21.81
2025-11-15T23:16:53.152714;lan/sala1/sensor/hum;20.62
2025-11-15T23:16:54.081210;lan/sala2/sensor/temp;24.7
2025-11-15T23:16:56.081756;lan/sala2/sensor/temp;20.28
2025-11-15T23:16:56.152260;lan/sala1/sensor/temp;21.94
2025-11-15T23:16:56.153549;lan/sala1/sensor/hum;21.97
2025-11-15T23:16:58.082009;lan/sala2/sensor/temp;24.26
2025-11-15T23:16:58.153018;lan/sala1/sensor/temp;20.22
2025-11-15T23:16:58.153912;lan/sala1/sensor/hum;24.8
2025-11-15T23:16:59.082268;lan/sala2/sensor/temp;23.05
2025-11-15T23:17:00.154813;lan/sala1/sensor/hum;22.41
2025-11-15T23:17:01.083524;lan/sala2/sensor/temp;24.48
2025-11-15T23:17:01.153354;lan/sala1/sensor/temp;21.36
2025-11-15T23:17:02.153672;lan/sala1/sensor/temp;24.08
2025-11-15T23:17:03.154029;lan/sala1/sensor/temp;22.24
2025-11-15T23:17:03.155395;lan/sala1/sensor/hum;23.84
2025-11-15T23:17:04.083785;lan/sala2/sensor/temp;24.74
2025-11-15T23:17:04.154292;lan/sala1/sensor/temp;22.66
2025-11-15T23:17:06.084041;lan/sala2/sensor/temp;21.96
2025-11-15T23:17:06.154568;lan/sala1/sensor/temp;21.02
2025-11-15T23:17:06.155618;lan/sala1/sensor/hum;21.14
2025-11-15T23:17:07.156798;lan/sala1/sensor/hum;21.96
2025-11-15T23:17:08.155815;lan/sala1/sensor/temp;20.15
2025-11-15T23:17:09.085082;lan/sala2/sensor/temp;24.33
2025-11-15T23:17:10.157985;lan/sala1/sensor/hum;24.56
2025-11-15T23:17:11.156468;lan/sala1/sensor/temp;24.42
2025-11-15T23:17:11.158320;lan/sala1/sensor/hum;23.47
2025-11-15T23:17:12.085479;lan/sala2/sensor/temp;24.51
2025-11-15T23:17:12.156825;lan/sala1/sensor/temp;20.22
2025-11-15T23:17:13.085754;lan/sala2/sensor/temp;24.09
2025-11-15T23:17:13.157270;lan/sala1/sensor/temp;20.14
2025-11-15T23:17:14.086751;lan/sala2/sensor/temp;20.5
2025-11-15T23:17:14.159477;lan/sala1/sensor/hum;24.65
2025-11-15T23:17:15.159959;lan/sala1/sensor/hum;23.96
2025-11-15T23:17:16.087982;lan/sala2/sensor/temp;21.6
2025-11-15T23:17:16.157593;lan/sala1/sensor/temp;22.77
2025-11-15T23:17:17.157898;lan/sala1/sensor/temp;23.81
2025-11-15T23:17:18.088248;lan/sala2/sensor/temp;23.39
2025-11-15T23:17:18.160227;lan/sala1/sensor/hum;20.86
2025-11-15T23:17:19.158213;lan/sala1/sensor/temp;23.29
2025-11-15T23:17:20.089489;lan/sala2/sensor/temp;24.19
2025-11-15T23:17:20.160487;lan/sala1/sensor/hum;23.11
2025-11-15T23:17:22.090440;lan/sala2/sensor/temp;23.15
2025-11-15T23:17:22.158461;lan/sala1/sensor/temp;23.62
2025-11-15T23:17:22.161390;lan/sala1/sensor/hum;21.91
2025-11-15T23:17:24.159489;lan/sala1/sensor/temp;22.54
2025-11-15T23:17:25.091129;lan/sala2/sensor/temp;23.91
2025-11-15T23:17:25.162519;lan/sala1/sensor/hum;21.3
2025-11-15T23:17:26.091490;lan/sala2/sensor/temp;22.32
2025-11-15T23:17:27.092662;lan/sala2/sensor/temp;23.91
2025-11-15T23:17:27.160457;lan/sala1/sensor/temp;21.72
2025-11-15T23:17:27.163414;lan/sala1/sensor/hum;21.2
2025-11-15T23:17:28.160752;lan/sala1/sensor/temp;23.27
2025-11-15T23:17:29.092934;lan/sala2/sensor/temp;22.51
2025-11-15T23:17:29.164670;lan/sala1/sensor/hum;21.34
2025-11-15T23:17:30.161306;lan/sala1/sensor/temp;24.29
2025-11-15T23:17:31.093206;lan/sala2/sensor/temp;21.49
2025-11-15T23:17:32.164973;lan/sala1/sensor/hum;21.76
2025-11-15T23:17:33.093451;lan/sala2/sensor/temp;23.39
2025-11-15T23:17:33.162111;lan/sala1/sensor/temp;23.59
2025-11-15T23:17:33.165895;lan/sala1/sensor/hum;20.85
2025-11-15T23:17:35.093741;lan/sala2/sensor/temp;21.72
2025-11-15T23:17:36.162535;lan/sala1/sensor/temp;22.97
2025-11-15T23:17:36.166420;lan/sala1/sensor/hum;23.41
2025-11-15T23:17:37.163804;lan/sala1/sensor/temp;22.55
2025-11-15T23:17:38.093995;lan/sala2/sensor/temp;21.58
2025-11-15T23:17:38.167688;lan/sala1/sensor/hum;23.57
2025-11-15T23:17:39.164077;lan/sala1/sensor/temp;20.81
2025-11-15T23:17:40.164551;lan/sala1/sensor/temp;22.36
2025-11-15T23:17:41.094291;lan/sala2/sensor/temp;20.51
2025-11-15T23:17:41.167910;lan/sala1/sensor/hum;24.0
2025-11-15T23:17:42.164899;lan/sala1/sensor/temp;22.16
2025-11-15T23:17:43.165866;lan/sala1/sensor/temp;24.4
2025-11-15T23:17:43.168755;lan/sala1/sensor/hum;24.96
2025-11-15T23:17:44.094552;lan/sala2/sensor/temp;22.15
2025-11-15T23:17:44.166458;lan/sala1/sensor/temp;23.78
2025-11-15T23:17:45.169501;lan/sala1/sensor/hum;22.16
2025-11-15T23:17:46.095234;lan/sala2/sensor/temp;22.48
2025-11-15T23:17:46.167488;lan/sala1/sensor/temp;24.4
2025-11-15T23:17:46.170411;lan/sala1/sensor/hum;24.73
2025-11-15T23:17:47.095614;lan/sala2/sensor/temp;23.51
2025-11-15T23:17:48.168672;lan/sala1/sensor/temp;24.26
2025-11-15T23:17:48.171519;lan/sala1/sensor/hum;21.9
2025-11-15T23:17:49.096076;lan/sala2/sensor/temp;20.55
2025-11-15T23:17:49.169472;lan/sala1/sensor/temp;24.3
2025-11-15T23:17:49.172321;lan/sala1/sensor/hum;20.56
2025-11-15T23:17:51.096389;lan/sala2/sensor/temp;20.81
2025-11-15T23:17:51.170501;lan/sala1/sensor/temp;24.02
2025-11-15T23:17:51.172886;lan/sala1/sensor/hum;22.35
2025-11-15T23:17:52.096682;lan/sala2/sensor/temp;21.18
2025-11-15T23:17:53.170763;lan/sala1/sensor/temp;22.28
2025-11-15T23:17:54.173769;lan/sala1/sensor/hum;23.88
2025-11-15T23:17:55.097724;lan/sala2/sensor/temp;21.18
2025-11-15T23:17:56.098912;lan/sala2/sensor/temp;23.61
2025-11-15T23:17:56.171660;lan/sala1/sensor/temp;23.17
2025-11-15T23:17:56.174374;lan/sala1/sensor/hum;24.02
2025-11-15T23:17:58.172008;lan/sala1/sensor/temp;24.97
2025-11-15T23:17:58.174588;lan/sala1/sensor/hum;21.63
2025-11-15T23:17:59.099493;lan/sala2/sensor/temp;20.6
2025-11-15T23:18:01.100279;lan/sala2/sensor/temp;23.02
2025-11-15T23:18:01.172521;lan/sala1/sensor/temp;22.05
2025-11-15T23:18:01.175352;lan/sala1/sensor/hum;23.57
2025-11-15T23:18:02.172782;lan/sala1/sensor/temp;24.46
2025-11-15T23:18:02.175662;lan/sala1/sensor/hum;24.43
2025-11-15T23:18:03.173088;lan/sala1/sensor/temp;21.68
2025-11-15T23:18:04.100571;lan/sala2/sensor/temp;24.35
2025-11-15T23:18:04.173358;lan/sala1/sensor/temp;23.13
2025-11-15T23:18:04.176202;lan/sala1/sensor/hum;21.63
2025-11-15T23:18:07.100818;lan/sala2/sensor/temp;23.26
2025-11-15T23:18:07.173711;lan/sala1/sensor/temp;20.69
2025-11-15T23:18:07.176531;lan/sala1/sensor/hum;24.65
2025-11-15T23:18:09.176841;lan/sala1/sensor/hum;23.62
2025-11-15T23:18:10.101132;lan/sala2/sensor/temp;22.68
2025-11-15T23:18:10.174025;lan/sala1/sensor/temp;20.01
2025-11-15T23:18:11.177868;lan/sala1/sensor/hum;21.28
2025-11-15T23:18:12.175018;lan/sala1/sensor/temp;21.93
2025-11-15T23:18:13.101428;lan/sala2/sensor/temp;24.38
2025-11-15T23:18:13.175619;lan/sala1/sensor/temp;22.19
2025-11-15T23:18:13.178556;lan/sala1/sensor/hum;20.08
2025-11-15T23:18:15.102025;lan/sala2/sensor/temp;21.85
2025-11-15T23:18:16.176224;lan/sala1/sensor/temp;20.56
2025-11-15T23:18:16.179085;lan/sala1/sensor/hum;20.5
2025-11-15T23:18:17.103197;lan/sala2/sensor/temp;24.29
2025-11-15T23:18:17.179485;lan/sala1/sensor/hum;24.76
2025-11-15T23:18:19.176718;lan/sala1/sensor/temp;23.41
2025-11-15T23:18:19.180630;lan/sala1/sensor/hum;21.2
2025-11-15T23:18:20.104434;lan/sala2/sensor/temp;22.98
2025-11-15T23:18:20.177706;lan/sala1/sensor/temp;24.92
2025-11-15T23:18:21.178000;lan/sala1/sensor/temp;24.22
2025-11-15T23:18:22.181098;lan/sala1/sensor/hum;20.42
2025-11-15T23:18:23.105196;lan/sala2/sensor/temp;24.97
2025-11-15T23:18:23.178680;lan/sala1/sensor/temp;24.89
2025-11-15T23:18:24.105671;lan/sala2/sensor/temp;21.44
2025-11-15T23:18:25.181375;lan/sala1/sensor/hum;20.79
2025-11-15T23:18:26.179404;lan/sala1/sensor/temp;24.77
2025-11-15T23:18:27.106612;lan/sala2/sensor/temp;23.93
2025-11-15T23:18:27.179686;lan/sala1/sensor/temp;22.37
2025-11-15T23:18:27.181638;lan/sala1/sensor/hum;23.64
2025-11-15T23:18:28.106820;lan/sala2/sensor/temp;24.2
2025-11-15T23:18:28.181989;lan/sala1/sensor/hum;20.8
2025-11-15T23:18:30.180004;lan/sala1/sensor/temp;23.47
2025-11-15T23:18:30.182964;lan/sala1/sensor/hum;22.74
2025-11-15T23:18:31.107875;lan/sala2/sensor/temp;22.93
2025-11-15T23:18:31.180382;lan/sala1/sensor/temp;21.43
2025-11-15T23:18:32.181504;lan/sala1/sensor/temp;21.33
2025-11-15T23:18:33.183492;lan/sala1/sensor/hum;21.42
2025-11-15T23:18:34.108149;lan/sala2/sensor/temp;20.8
2025-11-15T23:18:34.181885;lan/sala1/sensor/temp;20.01
2025-11-15T23:18:35.109397;lan/sala2/sensor/temp;22.67
2025-11-15T23:18:35.182408;lan/sala1/sensor/temp;23.43
2025-11-15T23:18:36.109646;lan/sala2/sensor/temp;24.74
2025-11-15T23:18:36.183469;lan/sala1/sensor/temp;23.44
2025-11-15T23:18:36.184268;lan/sala1/sensor/hum;23.46
2025-11-15T23:18:38.109922;lan/sala2/sensor/temp;21.22
2025-11-15T23:18:38.184397;lan/sala1/sensor/hum;24.32
2025-11-15T23:18:39.184615;lan/sala1/sensor/temp;24.29
2025-11-15T23:18:39.185484;lan/sala1/sensor/hum;24.54
2025-11-15T23:18:41.110500;lan/sala2/sensor/temp;21.74
2025-11-15T23:18:42.185926;lan/sala1/sensor/temp;20.0
2025-11-15T23:18:42.186832;lan/sala1/sensor/hum;23.66
2025-11-15T23:18:43.111423;lan/sala2/sensor/temp;22.78
2025-11-15T23:18:43.186242;lan/sala1/sensor/hum;22.0
2025-11-15T23:18:44.186210;lan/sala1/sensor/temp;23.51
2025-11-15T23:18:45.186438;lan/sala1/sensor/temp;22.09
2025-11-15T23:18:46.111705;lan/sala2/sensor/temp;20.24
2025-11-15T23:18:46.187385;lan/sala1/sensor/temp;21.17
2025-11-15T23:18:46.188214;lan/sala1/sensor/hum;23.45
2025-11-15T23:18:48.112156;lan/sala2/sensor/temp;23.94
2025-11-15T23:18:49.112392;lan/sala2/sensor/temp;22.97
2025-11-15T23:18:49.187666;lan/sala1/sensor/hum;23.71
2025-11-15T23:18:49.188412;lan/sala1/sensor/temp;23.61
2025-11-15T23:18:51.189127;lan/sala1/sensor/temp;21.14
2025-11-15T23:18:52.112676;lan/sala2/sensor/temp;20.97
2025-11-15T23:18:52.188561;lan/sala1/sensor/hum;22.05
2025-11-15T23:18:53.189486;lan/sala1/sensor/hum;21.61
2025-11-15T23:18:54.189492;lan/sala1/sensor/temp;24.32
2025-11-15T23:18:55.112983;lan/sala2/sensor/temp;23.44
2025-11-15T23:18:55.189705;lan/sala1/sensor/temp;22.64
2025-11-15T23:18:55.190425;lan/sala1/sensor/hum;20.31
2025-11-15T23:18:57.190009;lan/sala1/sensor/temp;20.72
2025-11-15T23:18:58.113241;lan/sala2/sensor/temp;24.81
2025-11-15T23:18:58.190453;lan/sala1/sensor/temp;23.07
2025-11-15T23:18:58.191152;lan/sala1/sensor/hum;24.21
2025-11-15T23:18:59.191727;lan/sala1/sensor/hum;21.46
2025-11-15T23:19:00.113500;lan/sala2/sensor/temp;21.66
2025-11-15T23:19:00.191982;lan/sala1/sensor/hum;21.19
2025-11-15T23:19:01.113780;lan/sala2/sensor/temp;23.11
2025-11-15T23:19:01.191519;lan/sala1/sensor/temp;23.56
2025-11-15T23:19:02.192386;lan/sala1/sensor/hum;20.29
2025-11-15T23:19:03.114053;lan/sala2/sensor/temp;24.26
2025-11-15T23:19:03.192406;lan/sala1/sensor/temp;20.67
2025-11-15T23:19:05.114304;lan/sala2/sensor/temp;20.87
2025-11-15T23:19:05.192613;lan/sala1/sensor/hum;24.27
2025-11-15T23:19:06.192713;lan/sala1/sensor/temp;22.76
2025-11-15T23:19:07.114589;lan/sala2/sensor/temp;24.27
2025-11-15T23:19:07.192929;lan/sala1/sensor/hum;20.36
2025-11-15T23:19:07.193742;lan/sala1/sensor/temp;22.24
2025-11-15T23:19:08.114849;lan/sala2/sensor/temp;20.81
2025-11-15T23:19:08.193509;lan/sala1/sensor/hum;21.37
2025-11-15T23:19:09.115283;lan/sala2/sensor/temp;22.71
2025-11-15T23:19:10.194430;lan/sala1/sensor/temp;22.4
2025-11-15T23:19:10.195209;lan/sala1/sensor/hum;22.19
2025-11-15T23:19:11.115655;lan/sala2/sensor/temp;21.27
2025-11-15T23:19:13.115995;lan/sala2/sensor/temp;22.79
2025-11-15T23:19:13.195211;lan/sala1/sensor/temp;23.61
2025-11-15T23:19:13.195958;lan/sala1/sensor/hum;21.3
2025-11-15T23:19:14.195684;lan/sala1/sensor/hum;21.08
2025-11-15T23:19:14.196544;lan/sala1/sensor/temp;20.33
2025-11-15T23:19:16.116245;lan/sala2/sensor/temp;23.15
2025-11-15T23:19:17.195956;lan/sala1/sensor/hum;20.84
2025-11-15T23:19:17.196865;lan/sala1/sensor/temp;24.86
2025-11-15T23:19:19.116546;lan/sala2/sensor/temp;22.62
2025-11-15T23:19:19.196672;lan/sala1/sensor/hum;23.01
2025-11-15T23:19:19.197541;lan/sala1/sensor/temp;21.42
2025-11-15T23:19:20.197837;lan/sala1/sensor/hum;23.78
2025-11-15T23:19:20.198695;lan/sala1/sensor/temp;20.08
2025-11-15T23:19:21.117449;lan/sala2/sensor/temp;21.51
2025-11-15T23:19:22.198145;lan/sala1/sensor/hum;21.13
2025-11-15T23:19:23.117714;lan/sala2/sensor/temp;21.43
2025-11-15T23:19:23.198191;lan/sala1/sensor/temp;23.1
2025-11-15T23:19:24.199176;lan/sala1/sensor/hum;21.93
2025-11-15T23:19:25.198464;lan/sala1/sensor/temp;24.69
2025-11-15T23:19:26.118753;lan/sala2/sensor/temp;24.07
2025-11-15T23:19:26.199420;lan/sala1/sensor/temp;23.26
2025-11-15T23:19:27.200389;lan/sala1/sensor/hum;20.3
2025-11-15T23:19:28.119495;lan/sala2/sensor/temp;20.35
2025-11-15T23:19:29.199689;lan/sala1/sensor/temp;21.26
2025-11-15T23:19:29.200551;lan/sala1/sensor/hum;24.18
2025-11-15T23:19:30.120378;lan/sala2/sensor/temp;23.98
2025-11-15T23:19:31.199977;lan/sala1/sensor/temp;24.36
2025-11-15T23:19:31.200850;lan/sala1/sensor/hum;21.72
2025-11-15T23:19:32.120641;lan/sala2/sensor/temp;23.45
2025-11-15T23:19:32.201418;lan/sala1/sensor/hum;23.38
2025-11-15T23:19:33.121377;lan/sala2/sensor/temp;21.25
2025-11-15T23:19:34.200338;lan/sala1/sensor/temp;23.08
2025-11-15T23:19:34.201800;lan/sala1/sensor/hum;22.26
2025-11-15T23:19:35.200668;lan/sala1/sensor/temp;21.46
2025-11-15T23:19:36.121704;lan/sala2/sensor/temp;21.97
2025-11-15T23:19:37.202476;lan/sala1/sensor/hum;24.84
2025-11-15T23:19:38.200951;lan/sala1/sensor/temp;20.15
2025-11-15T23:19:39.121967;lan/sala2/sensor/temp;23.95
2025-11-15T23:19:39.201294;lan/sala1/sensor/temp;21.68
2025-11-15T23:19:40.123205;lan/sala2/sensor/temp;20.0
2025-11-15T23:19:40.201590;lan/sala1/sensor/temp;21.78
2025-11-15T23:19:40.203419;lan/sala1/sensor/hum;20.55
2025-11-15T23:19:42.204535;lan/sala1/sensor/hum;23.49
2025-11-15T23:19:43.123469;lan/sala2/sensor/temp;24.42
2025-11-15T23:19:43.201859;lan/sala1/sensor/temp;23.66
2025-11-15T23:19:44.202184;lan/sala1/sensor/temp;23.2
2025-11-15T23:19:44.205071;lan/sala1/sensor/hum;20.4
2025-11-15T23:19:45.202419;lan/sala1/sensor/temp;20.74
2025-11-15T23:19:46.123777;lan/sala2/sensor/temp;24.25
2025-11-15T23:19:46.203597;lan/sala1/sensor/temp;23.15
2025-11-15T23:19:47.124077;lan/sala2/sensor/temp;22.79
2025-11-15T23:19:47.203809;lan/sala1/sensor/temp;21.45
2025-11-15T23:19:47.205705;lan/sala1/sensor/hum;23.23
2025-11-15T23:19:49.124389;lan/sala2/sensor/temp;23.0
2025-11-15T23:19:49.206004;lan/sala1/sensor/hum;20.57
2025-11-15T23:19:50.204974;lan/sala1/sensor/temp;24.64
2025-11-15T23:19:50.206889;lan/sala1/sensor/hum;24.65
2025-11-15T23:19:51.125601;lan/sala2/sensor/temp;23.91
2025-11-15T23:19:51.207132;lan/sala1/sensor/hum;24.07
2025-11-15T23:19:52.205614;lan/sala1/sensor/temp;21.42
2025-11-15T23:19:53.125855;lan/sala2/sensor/temp;21.81
2025-11-15T23:19:53.206114;lan/sala1/sensor/temp;21.62
2025-11-15T23:19:53.208023;lan/sala1/sensor/hum;21.49
2025-11-15T23:19:56.126577;lan/sala2/sensor/temp;23.35
2025-11-15T23:19:56.207390;lan/sala1/sensor/temp;21.12
2025-11-15T23:19:56.208252;lan/sala1/sensor/hum;21.45
2025-11-15T23:19:57.207682;lan/sala1/sensor/temp;20.69
2025-11-15T23:19:57.208724;lan/sala1/sensor/hum;23.63
2025-11-15T23:19:59.127785;lan/sala2/sensor/temp;21.46
2025-11-15T23:19:59.209559;lan/sala1/sensor/hum;24.27
2025-11-15T23:20:00.128663;lan/sala2/sensor/temp;23.91
2025-11-15T23:20:00.207992;lan/sala1/sensor/temp;20.36
2025-11-15T23:20:02.129236;lan/sala2/sensor/temp;20.7
2025-11-15T23:20:02.210779;lan/sala1/sensor/hum;21.66
2025-11-15T23:20:03.208309;lan/sala1/sensor/temp;23.56
2025-11-15T23:20:03.211198;lan/sala1/sensor/hum;24.17
2025-11-15T23:20:05.129481;lan/sala2/sensor/temp;22.05
2025-11-15T23:20:05.209579;lan/sala1/sensor/temp;24.82
2025-11-15T23:20:06.211589;lan/sala1/sensor/hum;23.68
2025-11-15T23:20:07.129749;lan/sala2/sensor/temp;20.85
2025-11-15T23:20:07.209901;lan/sala1/sensor/temp;23.23
2025-11-15T23:20:07.211819;lan/sala1/sensor/hum;20.28
2025-11-15T23:20:10.130007;lan/sala2/sensor/temp;24.83
2025-11-15T23:20:10.210188;lan/sala1/sensor/temp;24.01
2025-11-15T23:20:10.212055;lan/sala1/sensor/hum;24.93
2025-11-15T23:20:11.210453;lan/sala1/sensor/temp;24.87
2025-11-15T23:20:12.130262;lan/sala2/sensor/temp;22.45
2025-11-15T23:20:13.130520;lan/sala2/sensor/temp;20.32
2025-11-15T23:20:13.210754;lan/sala1/sensor/temp;20.27
2025-11-15T23:20:13.212608;lan/sala1/sensor/hum;24.97
2025-11-15T23:20:14.211340;lan/sala1/sensor/temp;20.94
2025-11-15T23:20:15.131494;lan/sala2/sensor/temp;24.9
2025-11-15T23:20:15.211827;lan/sala1/sensor/temp;21.07
2025-11-15T23:20:15.213802;lan/sala1/sensor/hum;22.58
2025-11-15T23:20:16.212076;lan/sala1/sensor/temp;24.76
2025-11-15T23:20:17.131757;lan/sala2/sensor/temp;23.58
2025-11-15T23:20:17.213276;lan/sala1/sensor/temp;21.05
2025-11-15T23:20:18.132477;lan/sala2/sensor/temp;20.25
2025-11-15T23:20:18.213606;lan/sala1/sensor/temp;24.16
2025-11-15T23:20:18.214277;lan/sala1/sensor/hum;24.25
2025-11-15T23:20:19.133528;lan/sala2/sensor/temp;22.54
2025-11-15T23:20:19.214476;lan/sala1/sensor/hum;23.3
2025-11-15T23:20:21.213933;lan/sala1/sensor/temp;20.1
2025-11-15T23:20:22.133772;lan/sala2/sensor/temp;23.5
2025-11-15T23:20:22.215365;lan/sala1/sensor/hum;22.81
2025-11-15T23:20:23.214248;lan/sala1/sensor/temp;24.32
2025-11-15T23:20:24.134321;lan/sala2/sensor/temp;22.22
2025-11-15T23:20:25.215622;lan/sala1/sensor/hum;23.85
2025-11-15T23:20:26.135348;lan/sala2/sensor/temp;20.24
2025-11-15T23:20:26.214660;lan/sala1/sensor/temp;24.17
2025-11-15T23:20:26.215977;lan/sala1/sensor/hum;23.52
2025-11-15T23:20:27.215124;lan/sala1/sensor/temp;24.9
2025-11-15T23:20:28.215902;lan/sala1/sensor/temp;21.98
2025-11-15T23:20:29.135600;lan/sala2/sensor/temp;23.33
2025-11-15T23:20:29.216553;lan/sala1/sensor/hum;24.34
2025-11-15T23:20:30.216149;lan/sala1/sensor/temp;23.3
2025-11-15T23:20:32.135857;lan/sala2/sensor/temp;23.73
2025-11-15T23:20:32.216601;lan/sala1/sensor/temp;20.95
2025-11-15T23:20:32.217145;lan/sala1/sensor/hum;23.85
2025-11-15T23:20:33.217777;lan/sala1/sensor/temp;23.1
2025-11-15T23:20:34.217432;lan/sala1/sensor/hum;22.89
2025-11-15T23:20:34.218123;lan/sala1/sensor/temp;23.79
2025-11-15T23:20:35.136101;lan/sala2/sensor/temp;21.9
2025-11-15T23:20:35.218529;lan/sala1/sensor/temp;21.0
2025-11-15T23:20:36.219494;lan/sala1/sensor/temp;23.13
2025-11-15T23:20:37.136552;lan/sala2/sensor/temp;24.51
2025-11-15T23:20:37.217657;lan/sala1/sensor/hum;23.62
2025-11-15T23:20:37.220645;lan/sala1/sensor/temp;23.51
2025-11-15T23:20:40.137755;lan/sala2/sensor/temp;24.19
2025-11-15T23:20:40.217931;lan/sala1/sensor/hum;23.8
2025-11-15T23:20:40.220900;lan/sala1/sensor/temp;21.66
2025-11-15T23:20:41.218166;lan/sala1/sensor/hum;21.51
2025-11-15T23:20:42.138075;lan/sala2/sensor/temp;23.75
2025-11-15T23:20:43.221318;lan/sala1/sensor/temp;24.46
2025-11-15T23:20:44.219491;lan/sala1/sensor/hum;20.27
2025-11-15T23:20:44.222489;lan/sala1/sensor/temp;24.18
2025-11-15T23:20:45.138356;lan/sala2/sensor/temp;22.73
2025-11-15T23:20:45.219765;lan/sala1/sensor/hum;20.68
2025-11-15T23:20:45.223440;lan/sala1/sensor/temp;22.86
2025-11-15T23:20:46.139458;lan/sala2/sensor/temp;21.98
2025-11-15T23:20:46.224569;lan/sala1/sensor/temp;20.03
2025-11-15T23:20:47.140467;lan/sala2/sensor/temp;20.53
2025-11-15T23:20:47.225133;lan/sala1/sensor/temp;20.89
2025-11-15T23:20:48.220059;lan/sala1/sensor/hum;24.81
2025-11-15T23:20:50.141301;lan/sala2/sensor/temp;20.54
2025-11-15T23:20:50.220476;lan/sala1/sensor/hum;20.23
2025-11-15T23:20:50.225499;lan/sala1/sensor/temp;22.59
2025-11-15T23:20:51.225753;lan/sala1/sensor/temp;22.1
2025-11-15T23:20:52.142136;lan/sala2/sensor/temp;24.41
2025-11-15T23:20:53.221466;lan/sala1/sensor/hum;21.82
2025-11-15T23:20:54.142356;lan/sala2/sensor/temp;21.53
2025-11-15T23:20:54.221724;lan/sala1/sensor/hum;23.66
2025-11-15T23:20:54.225989;lan/sala1/sensor/temp;24.72
2025-11-15T23:20:55.142641;lan/sala2/sensor/temp;21.07
2025-11-15T23:20:55.226535;lan/sala1/sensor/temp;22.74
2025-11-15T23:20:57.142915;lan/sala2/sensor/temp;21.89
2025-11-15T23:20:57.222020;lan/sala1/sensor/hum;22.02
2025-11-15T23:20:57.227719;lan/sala1/sensor/temp;20.1
2025-11-15T23:20:59.143145;lan/sala2/sensor/temp;22.89
2025-11-15T23:20:59.222259;lan/sala1/sensor/hum;24.18
2025-11-15T23:20:59.227901;lan/sala1/sensor/temp;22.41
2025-11-15T23:21:01.222568;lan/sala1/sensor/hum;22.93
2025-11-15T23:21:01.228136;lan/sala1/sensor/temp;23.78
2025-11-15T23:21:02.143488;lan/sala2/sensor/temp;22.77
2025-11-15T23:21:03.228412;lan/sala1/sensor/temp;20.3
2025-11-15T23:21:04.144179;lan/sala2/sensor/temp;24.98
2025-11-15T23:21:04.224240;lan/sala1/sensor/hum;21.59
2025-11-15T23:21:06.144486;lan/sala2/sensor/temp;21.73
2025-11-15T23:21:06.229497;lan/sala1/sensor/temp;22.3
2025-11-15T23:21:07.225334;lan/sala1/sensor/hum;21.61
2025-11-15T23:21:07.229691;lan/sala1/sensor/temp;21.69
2025-11-15T23:21:08.225690;lan/sala1/sensor/hum;22.16
2025-11-15T23:21:09.145493;lan/sala2/sensor/temp;21.81
2025-11-15T23:21:10.225950;lan/sala1/sensor/hum;20.18
2025-11-15T23:21:10.230931;lan/sala1/sensor/temp;23.59
2025-11-15T23:21:11.145762;lan/sala2/sensor/temp;22.43
2025-11-15T23:21:11.231182;lan/sala1/sensor/temp;23.92
2025-11-15T23:21:13.226905;lan/sala1/sensor/hum;20.84
2025-11-15T23:21:14.146057;lan/sala2/sensor/temp;23.62
2025-11-15T23:21:14.232252;lan/sala1/sensor/temp;21.16
2025-11-15T23:21:15.147247;lan/sala2/sensor/temp;21.21
2025-11-15T23:21:15.232735;lan/sala1/sensor/temp;20.85
2025-11-15T23:21:16.228086;lan/sala1/sensor/hum;21.5
2025-11-15T23:21:16.232967;lan/sala1/sensor/temp;24.55
2025-11-15T23:21:17.148524;lan/sala2/sensor/temp;24.92
2025-11-15T23:21:17.233446;lan/sala1/sensor/temp;20.45
2025-11-15T23:21:18.229215;lan/sala1/sensor/hum;23.82
2025-11-15T23:21:20.149236;lan/sala2/sensor/temp;21.53
2025-11-15T23:21:20.233772;lan/sala1/sensor/temp;21.74
2025-11-15T23:21:21.229469;lan/sala1/sensor/hum;23.33
2025-11-15T23:21:21.234654;lan/sala1/sensor/temp;21.71
2025-11-15T23:21:22.150233;lan/sala2/sensor/temp;24.24
2025-11-15T23:21:22.230208;lan/sala1/sensor/hum;22.97
2025-11-15T23:21:22.235146;lan/sala1/sensor/temp;20.95
2025-11-15T23:21:24.150470;lan/sala2/sensor/temp;22.8
2025-11-15T23:21:24.235566;lan/sala1/sensor/temp;20.37
2025-11-15T23:21:25.150935;lan/sala2/sensor/temp;23.99
2025-11-15T23:21:25.231051;lan/sala1/sensor/hum;24.23
2025-11-15T23:21:25.235798;lan/sala1/sensor/temp;24.78
2025-11-15T23:21:26.231373;lan/sala1/sensor/hum;20.96
2025-11-15T23:21:26.236005;lan/sala1/sensor/temp;21.9
2025-11-15T23:21:27.151167;lan/sala2/sensor/temp;24.14
2025-11-15T23:21:27.237257;lan/sala1/sensor/temp;21.98
2025-11-15T23:21:28.152428;lan/sala2/sensor/temp;22.42
2025-11-15T23:21:28.238370;lan/sala1/sensor/temp;20.86
2025-11-15T23:21:29.232160;lan/sala1/sensor/hum;22.75
2025-11-15T23:21:30.153128;lan/sala2/sensor/temp;22.14
2025-11-15T23:21:30.232501;lan/sala1/sensor/hum;21.68
2025-11-15T23:21:30.239381;lan/sala1/sensor/temp;22.9
2025-11-15T23:21:31.154230;lan/sala2/sensor/temp;22.53
2025-11-15T23:21:31.233355;lan/sala1/sensor/hum;22.33
2025-11-15T23:21:32.233607;lan/sala1/sensor/hum;23.34
2025-11-15T23:21:32.239602;lan/sala1/sensor/temp;20.96
2025-11-15T23:21:33.154473;lan/sala2/sensor/temp;22.39
2025-11-15T23:21:34.233845;lan/sala1/sensor/hum;21.34
2025-11-15T23:21:35.155022;lan/sala2/sensor/temp;24.87
2025-11-15T23:21:35.239854;lan/sala1/sensor/temp;22.36
2025-11-15T23:21:36.155531;lan/sala2/sensor/temp;24.46
2025-11-15T23:21:37.155777;lan/sala2/sensor/temp;24.55
2025-11-15T23:21:37.234104;lan/sala1/sensor/hum;22.3
2025-11-15T23:21:37.240076;lan/sala1/sensor/temp;23.7
2025-11-15T23:21:38.235197;lan/sala1/sensor/hum;22.37
2025-11-15T23:21:38.241205;lan/sala1/sensor/temp;21.45
2025-11-15T23:21:39.235497;lan/sala1/sensor/hum;24.58
2025-11-15T23:21:40.156495;lan/sala2/sensor/temp;22.6
2025-11-15T23:21:40.241530;lan/sala1/sensor/temp;21.28
2025-11-15T23:21:41.235789;lan/sala1/sensor/hum;21.81
2025-11-15T23:21:41.242076;lan/sala1/sensor/temp;21.99
2025-11-15T23:21:42.157705;lan/sala2/sensor/temp;22.56
2025-11-15T23:21:42.236545;lan/sala1/sensor/hum;23.33
2025-11-15T23:21:43.237676;lan/sala1/sensor/hum;22.22
2025-11-15T23:21:43.243149;lan/sala1/sensor/temp;20.47
2025-11-15T23:21:44.237993;lan/sala1/sensor/hum;24.07
2025-11-15T23:21:45.158009;lan/sala2/sensor/temp;22.23
2025-11-15T23:21:46.239241;lan/sala1/sensor/hum;20.29
2025-11-15T23:21:46.244176;lan/sala1/sensor/temp;24.46
2025-11-15T23:21:47.158706;lan/sala2/sensor/temp;22.98
2025-11-15T23:21:48.159506;lan/sala2/sensor/temp;20.41
2025-11-15T23:21:49.240453;lan/sala1/sensor/hum;22.36
2025-11-15T23:21:49.244616;lan/sala1/sensor/temp;24.49
2025-11-15T23:21:50.160466;lan/sala2/sensor/temp;21.2
2025-11-15T23:21:50.245045;lan/sala1/sensor/temp;22.78
2025-11-15T23:21:51.161370;lan/sala2/sensor/temp;23.7
2025-11-15T23:21:51.240927;lan/sala1/sensor/hum;23.98
2025-11-15T23:21:52.241549;lan/sala1/sensor/hum;22.8
2025-11-15T23:21:53.162234;lan/sala2/sensor/temp;22.7
2025-11-15T23:21:53.245813;lan/sala1/sensor/temp;20.8
2025-11-15T23:21:55.241830;lan/sala1/sensor/hum;23.95
2025-11-15T23:21:55.246029;lan/sala1/sensor/temp;21.79
2025-11-15T23:21:56.162474;lan/sala2/sensor/temp;24.08
2025-11-15T23:21:56.246509;lan/sala1/sensor/temp;21.88
2025-11-15T23:21:57.242480;lan/sala1/sensor/hum;23.45
2025-11-15T23:21:58.243567;lan/sala1/sensor/hum;22.04
2025-11-15T23:21:58.247480;lan/sala1/sensor/temp;22.55
2025-11-15T23:21:59.162926;lan/sala2/sensor/temp;23.31
2025-11-15T23:22:00.163161;lan/sala2/sensor/temp;21.96
2025-11-15T23:22:00.244140;lan/sala1/sensor/hum;23.99
2025-11-15T23:22:00.247669;lan/sala1/sensor/temp;22.5
2025-11-15T23:22:02.163431;lan/sala2/sensor/temp;21.54
2025-11-15T23:22:02.248193;lan/sala1/sensor/temp;22.77
2025-11-15T23:22:03.245171;lan/sala1/sensor/hum;21.97
2025-11-15T23:22:03.249153;lan/sala1/sensor/temp;24.63
2025-11-15T23:22:05.163706;lan/sala2/sensor/temp;23.12
2025-11-15T23:22:05.245809;lan/sala1/sensor/hum;21.96
2025-11-15T23:22:05.249742;lan/sala1/sensor/temp;21.85
2025-11-15T23:22:06.250730;lan/sala1/sensor/temp;24.84
2025-11-15T23:22:08.163958;lan/sala2/sensor/temp;21.31
2025-11-15T23:22:08.246135;lan/sala1/sensor/hum;20.06
2025-11-15T23:22:09.246426;lan/sala1/sensor/hum;21.93
2025-11-15T23:22:09.251369;lan/sala1/sensor/temp;23.31
2025-11-15T23:22:11.164209;lan/sala2/sensor/temp;21.68
2025-11-15T23:22:11.247660;lan/sala1/sensor/hum;20.42
2025-11-15T23:22:12.251635;lan/sala1/sensor/temp;24.73
2025-11-15T23:22:13.165458;lan/sala2/sensor/temp;21.09
2025-11-15T23:22:13.247931;lan/sala1/sensor/hum;21.73
2025-11-15T23:22:14.251958;lan/sala1/sensor/temp;23.8
2025-11-15T23:22:15.248197;lan/sala1/sensor/hum;22.96
2025-11-15T23:22:16.165732;lan/sala2/sensor/temp;24.87
2025-11-15T23:22:17.248729;lan/sala1/sensor/hum;22.86
2025-11-15T23:22:17.252790;lan/sala1/sensor/temp;20.63
2025-11-15T23:22:18.253115;lan/sala1/sensor/temp;21.15
2025-11-15T23:22:19.166306;lan/sala2/sensor/temp;20.17
2025-11-15T23:22:19.253406;lan/sala1/sensor/temp;22.8
2025-11-15T23:22:20.249460;lan/sala1/sensor/hum;20.67
2025-11-15T23:22:21.253792;lan/sala1/sensor/temp;21.66
2025-11-15T23:22:22.166549;lan/sala2/sensor/temp;24.05
2025-11-15T23:22:22.249742;lan/sala1/sensor/hum;22.3
2025-11-15T23:22:23.249972;lan/sala1/sensor/hum;21.75
2025-11-15T23:22:23.254046;lan/sala1/sensor/temp;24.02
2025-11-15T23:22:24.167702;lan/sala2/sensor/temp;24.51
2025-11-15T23:22:25.250675;lan/sala1/sensor/hum;21.71
2025-11-15T23:22:25.254720;lan/sala1/sensor/temp;23.95
2025-11-15T23:22:26.250946;lan/sala1/sensor/hum;22.86
2025-11-15T23:22:27.168193;lan/sala2/sensor/temp;20.22
2025-11-15T23:22:28.169450;lan/sala2/sensor/temp;23.14
2025-11-15T23:22:28.251511;lan/sala1/sensor/hum;21.03
2025-11-15T23:22:28.255166;lan/sala1/sensor/temp;24.02
2025-11-15T23:22:29.255533;lan/sala1/sensor/temp;22.77
2025-11-15T23:22:30.169825;lan/sala2/sensor/temp;20.17
2025-11-15T23:22:31.251957;lan/sala1/sensor/hum;21.91
2025-11-15T23:22:32.255830;lan/sala1/sensor/temp;24.78
2025-11-15T23:22:33.170109;lan/sala2/sensor/temp;22.54
2025-11-15T23:22:34.252661;lan/sala1/sensor/hum;24.94
2025-11-15T23:22:35.252940;lan/sala1/sensor/hum;24.67
2025-11-15T23:22:35.256145;lan/sala1/sensor/temp;21.14
2025-11-15T23:22:36.170356;lan/sala2/sensor/temp;23.42
2025-11-15T23:22:36.253742;lan/sala1/sensor/hum;21.02
2025-11-15T23:22:37.257032;lan/sala1/sensor/temp;24.74
2025-11-15T23:22:38.257632;lan/sala1/sensor/temp;24.63
2025-11-15T23:22:39.171056;lan/sala2/sensor/temp;21.74
2025-11-15T23:22:39.253991;lan/sala1/sensor/hum;24.62
2025-11-15T23:22:40.257945;lan/sala1/sensor/temp;21.01
2025-11-15T23:22:41.171366;lan/sala2/sensor/temp;20.27
2025-11-15T23:22:41.259179;lan/sala1/sensor/temp;21.73
2025-11-15T23:22:42.254266;lan/sala1/sensor/hum;20.87
2025-11-15T23:22:42.259419;lan/sala1/sensor/temp;21.7
2025-11-15T23:22:43.171716;lan/sala2/sensor/temp;22.16
2025-11-15T23:22:43.254957;lan/sala1/sensor/hum;21.44
2025-11-15T23:22:44.171970;lan/sala2/sensor/temp;21.59
2025-11-15T23:22:44.255445;lan/sala1/sensor/hum;23.0
2025-11-15T23:22:44.260427;lan/sala1/sensor/temp;21.86
2025-11-15T23:22:45.172265;lan/sala2/sensor/temp;21.3
2025-11-15T23:22:45.256117;lan/sala1/sensor/hum;21.29
2025-11-15T23:22:46.256435;lan/sala1/sensor/hum;23.36
2025-11-15T23:22:47.261250;lan/sala1/sensor/temp;23.91
2025-11-15T23:22:48.173171;lan/sala2/sensor/temp;22.3
2025-11-15T23:22:48.257295;lan/sala1/sensor/hum;24.39
2025-11-15T23:22:48.262462;lan/sala1/sensor/temp;24.49
2025-11-15T23:22:49.257575;lan/sala1/sensor/hum;22.0
2025-11-15T23:22:49.263197;lan/sala1/sensor/temp;23.66
2025-11-15T23:22:50.263765;lan/sala1/sensor/temp;23.22
2025-11-15T23:22:51.174142;lan/sala2/sensor/temp;24.67
2025-11-15T23:22:52.257812;lan/sala1/sensor/hum;20.69
2025-11-15T23:22:53.264031;lan/sala1/sensor/temp;22.02
2025-11-15T23:22:54.174429;lan/sala2/sensor/temp;24.14
2025-11-15T23:22:54.264342;lan/sala1/sensor/temp;23.06
2025-11-15T23:22:55.174993;lan/sala2/sensor/temp;22.13
2025-11-15T23:22:55.258071;lan/sala1/sensor/hum;22.47
2025-11-15T23:22:55.264896;lan/sala1/sensor/temp;23.88
2025-11-15T23:22:56.265459;lan/sala1/sensor/temp;23.27
2025-11-15T23:22:57.265980;lan/sala1/sensor/temp;21.53
2025-11-15T23:22:58.175458;lan/sala2/sensor/temp;20.71
2025-11-15T23:22:58.258403;lan/sala1/sensor/hum;21.49
2025-11-15T23:23:00.175745;lan/sala2/sensor/temp;22.5
2025-11-15T23:23:00.258799;lan/sala1/sensor/hum;21.46
2025-11-15T23:23:00.266276;lan/sala1/sensor/temp;21.8
2025-11-15T23:23:01.175992;lan/sala2/sensor/temp;24.97
2025-11-15T23:23:01.266559;lan/sala1/sensor/temp;24.86
2025-11-15T23:23:02.176250;lan/sala2/sensor/temp;21.41
2025-11-15T23:23:03.259497;lan/sala1/sensor/hum;20.04
2025-11-15T23:23:03.267607;lan/sala1/sensor/temp;21.31
2025-11-15T23:23:04.268594;lan/sala1/sensor/temp;24.8
2025-11-15T23:23:05.176510;lan/sala2/sensor/temp;22.74
2025-11-15T23:23:05.269163;lan/sala1/sensor/temp;23.84
2025-11-15T23:23:06.259749;lan/sala1/sensor/hum;22.83
2025-11-15T23:23:06.269963;lan/sala1/sensor/temp;22.13
2025-11-15T23:23:08.177644;lan/sala2/sensor/temp;21.03
2025-11-15T23:23:08.270285;lan/sala1/sensor/temp;24.97
2025-11-15T23:23:09.178627;lan/sala2/sensor/temp;22.7
2025-11-15T23:23:09.259977;lan/sala1/sensor/hum;20.34
2025-11-15T23:23:09.271470;lan/sala1/sensor/temp;23.17
2025-11-15T23:23:10.271808;lan/sala1/sensor/temp;22.24
2025-11-15T23:23:11.179490;lan/sala2/sensor/temp;22.65
2025-11-15T23:23:11.260621;lan/sala1/sensor/hum;23.83
2025-11-15T23:23:11.272715;lan/sala1/sensor/temp;24.04
2025-11-15T23:23:12.180438;lan/sala2/sensor/temp;24.7
2025-11-15T23:23:12.261292;lan/sala1/sensor/hum;20.14
2025-11-15T23:23:14.181520;lan/sala2/sensor/temp;20.28
2025-11-15T23:23:14.261522;lan/sala1/sensor/hum;22.53
2025-11-15T23:23:14.273766;lan/sala1/sensor/temp;22.81
2025-11-15T23:23:15.182284;lan/sala2/sensor/temp;22.14
2025-11-15T23:23:15.261806;lan/sala1/sensor/hum;23.63
2025-11-15T23:23:17.182694;lan/sala2/sensor/temp;23.87
2025-11-15T23:23:17.262043;lan/sala1/sensor/hum;21.98
2025-11-15T23:23:17.274073;lan/sala1/sensor/temp;22.93
2025-11-15T23:23:18.183026;lan/sala2/sensor/temp;20.73
2025-11-15T23:23:18.262294;lan/sala1/sensor/hum;24.04
2025-11-15T23:23:18.274322;lan/sala1/sensor/temp;23.41
2025-11-15T23:23:20.183345;lan/sala2/sensor/temp;22.59
2025-11-15T23:23:21.184574;lan/sala2/sensor/temp;22.23
2025-11-15T23:23:21.262585;lan/sala1/sensor/hum;23.79
2025-11-15T23:23:21.275376;lan/sala1/sensor/temp;20.06
2025-11-15T23:23:22.262877;lan/sala1/sensor/hum;20.84
2025-11-15T23:23:23.275624;lan/sala1/sensor/temp;20.78
2025-11-15T23:23:24.184928;lan/sala2/sensor/temp;22.32
2025-11-15T23:23:24.263512;lan/sala1/sensor/hum;22.08
2025-11-15T23:23:25.185399;lan/sala2/sensor/temp;22.78
2025-11-15T23:23:25.264764;lan/sala1/sensor/hum;21.62
2025-11-15T23:23:26.276435;lan/sala1/sensor/temp;22.61
2025-11-15T23:23:27.265235;lan/sala1/sensor/hum;23.75
2025-11-15T23:23:27.277255;lan/sala1/sensor/temp;23.02
2025-11-15T23:23:28.185896;lan/sala2/sensor/temp;23.03
2025-11-15T23:23:29.186193;lan/sala2/sensor/temp;23.84
2025-11-15T23:23:30.265716;lan/sala1/sensor/hum;23.41
2025-11-15T23:23:30.277483;lan/sala1/sensor/temp;24.1
2025-11-15T23:23:32.186442;lan/sala2/sensor/temp;24.22
2025-11-15T23:23:33.265953;lan/sala1/sensor/hum;23.63
2025-11-15T23:23:33.277666;lan/sala1/sensor/temp;20.58
2025-11-15T23:23:34.187583;lan/sala2/sensor/temp;21.67
2025-11-15T23:23:36.187851;lan/sala2/sensor/temp;20.91
2025-11-15T23:23:36.267073;lan/sala1/sensor/hum;23.8
2025-11-15T23:23:36.277887;lan/sala1/sensor/temp;20.38
2025-11-15T23:23:37.267326;lan/sala1/sensor/hum;20.85
2025-11-15T23:23:37.278048;lan/sala1/sensor/temp;20.6
2025-11-15T23:23:38.189105;lan/sala2/sensor/temp;21.25
2025-11-15T23:23:38.279119;lan/sala1/sensor/temp;21.28
2025-11-15T23:23:39.279574;lan/sala1/sensor/temp;22.61
2025-11-15T23:23:40.190103;lan/sala2/sensor/temp;20.85
2025-11-15T23:23:40.267749;lan/sala1/sensor/hum;23.88
2025-11-15T23:23:41.279868;lan/sala1/sensor/temp;24.23
2025-11-15T23:23:42.190374;lan/sala2/sensor/temp;21.26
2025-11-15T23:23:43.267953;lan/sala1/sensor/hum;22.64
2025-11-15T23:23:44.190622;lan/sala2/sensor/temp;20.47
2025-11-15T23:23:44.280411;lan/sala1/sensor/temp;22.86
2025-11-15T23:23:45.268217;lan/sala1/sensor/hum;23.39
2025-11-15T23:23:46.190960;lan/sala2/sensor/temp;21.96
2025-11-15T23:23:46.281398;lan/sala1/sensor/temp;22.35
2025-11-15T23:23:48.192128;lan/sala2/sensor/temp;20.28
2025-11-15T23:23:48.269470;lan/sala1/sensor/hum;22.21
2025-11-15T23:23:49.270431;lan/sala1/sensor/hum;24.1
2025-11-15T23:23:49.282500;lan/sala1/sensor/temp;21.95
2025-11-15T23:23:51.192673;lan/sala2/sensor/temp;25.0
2025-11-15T23:23:51.283032;lan/sala1/sensor/temp;21.36
2025-11-15T23:23:52.271462;lan/sala1/sensor/hum;21.86
2025-11-15T23:23:52.283586;lan/sala1/sensor/temp;21.12
2025-11-15T23:23:53.192894;lan/sala2/sensor/temp;21.5
2025-11-15T23:23:53.283744;lan/sala1/sensor/temp;23.03
2025-11-15T23:23:54.283988;lan/sala1/sensor/temp;24.98
2025-11-15T23:23:55.193178;lan/sala2/sensor/temp;23.79
2025-11-15T23:23:55.272091;lan/sala1/sensor/hum;20.77
2025-11-15T23:23:56.194371;lan/sala2/sensor/temp;22.92
2025-11-15T23:23:57.272476;lan/sala1/sensor/hum;20.09
2025-11-15T23:23:57.284210;lan/sala1/sensor/temp;20.29
2025-11-15T23:23:58.195573;lan/sala2/sensor/temp;20.31
2025-11-15T23:23:58.272729;lan/sala1/sensor/hum;20.13
2025-11-15T23:23:59.195855;lan/sala2/sensor/temp;23.22
2025-11-15T23:23:59.284911;lan/sala1/sensor/temp;24.45
2025-11-15T23:24:00.196681;lan/sala2/sensor/temp;22.48
2025-11-15T23:24:00.285387;lan/sala1/sensor/temp;23.56
2025-11-15T23:24:01.197387;lan/sala2/sensor/temp;22.4
2025-11-15T23:24:01.272963;lan/sala1/sensor/hum;20.52
2025-11-15T23:24:02.197849;lan/sala2/sensor/temp;24.84
2025-11-15T23:24:02.273445;lan/sala1/sensor/hum;20.77
2025-11-15T23:24:03.286460;lan/sala1/sensor/temp;24.35
2025-11-15T23:24:04.198094;lan/sala2/sensor/temp;21.78
2025-11-15T23:24:05.273695;lan/sala1/sensor/hum;21.18
2025-11-15T23:24:05.287537;lan/sala1/sensor/temp;21.79
2025-11-15T23:24:07.198365;lan/sala2/sensor/temp;20.87
2025-11-15T23:24:07.273981;lan/sala1/sensor/hum;21.6
2025-11-15T23:24:08.287789;lan/sala1/sensor/temp;22.0
2025-11-15T23:24:09.274254;lan/sala1/sensor/hum;24.6
2025-11-15T23:24:10.199619;lan/sala2/sensor/temp;24.12
2025-11-15T23:24:10.288626;lan/sala1/sensor/temp;21.64
2025-11-15T23:24:12.199918;lan/sala2/sensor/temp;23.67
2025-11-15T23:24:12.274919;lan/sala1/sensor/hum;21.03
2025-11-15T23:24:13.200988;lan/sala2/sensor/temp;23.72
2025-11-15T23:24:13.289495;lan/sala1/sensor/temp;24.77
2025-11-15T23:24:15.275226;lan/sala1/sensor/hum;20.75
2025-11-15T23:24:16.201964;lan/sala2/sensor/temp;22.54
2025-11-15T23:24:16.290391;lan/sala1/sensor/temp;20.11
2025-11-15T23:24:18.275529;lan/sala1/sensor/hum;20.83
2025-11-15T23:24:18.290799;lan/sala1/sensor/temp;20.07
2025-11-15T23:24:19.203150;lan/sala2/sensor/temp;21.42
2025-11-15T23:24:19.276011;lan/sala1/sensor/hum;21.55
2025-11-15T23:24:20.204065;lan/sala2/sensor/temp;21.18
2025-11-15T23:24:20.276254;lan/sala1/sensor/hum;23.67
2025-11-15T23:24:20.292033;lan/sala1/sensor/temp;24.53
2025-11-15T23:24:21.276511;lan/sala1/sensor/hum;23.61
2025-11-15T23:24:22.293210;lan/sala1/sensor/temp;23.86
2025-11-15T23:24:23.205073;lan/sala2/sensor/temp;20.29
2025-11-15T23:24:23.277526;lan/sala1/sensor/hum;20.62
2025-11-15T23:24:23.293534;lan/sala1/sensor/temp;21.48
2025-11-15T23:24:25.293811;lan/sala1/sensor/temp;20.45
2025-11-15T23:24:26.205312;lan/sala2/sensor/temp;23.78
2025-11-15T23:24:26.277777;lan/sala1/sensor/hum;21.39
2025-11-15T23:24:26.294063;lan/sala1/sensor/temp;24.54
2025-11-15T23:24:29.205688;lan/sala2/sensor/temp;20.47
2025-11-15T23:24:29.278474;lan/sala1/sensor/hum;24.05
2025-11-15T23:24:29.294373;lan/sala1/sensor/temp;23.47
2025-11-15T23:24:31.206535;lan/sala2/sensor/temp;24.83
2025-11-15T23:24:32.207056;lan/sala2/sensor/temp;22.32
2025-11-15T23:24:32.279040;lan/sala1/sensor/hum;20.27
2025-11-15T23:24:32.295165;lan/sala1/sensor/temp;20.97
2025-11-15T23:24:33.295963;lan/sala1/sensor/temp;22.9
2025-11-15T23:24:34.207378;lan/sala2/sensor/temp;23.58
2025-11-15T23:24:35.207665;lan/sala2/sensor/temp;21.59
2025-11-15T23:24:35.279525;lan/sala1/sensor/hum;20.72
2025-11-15T23:24:36.207947;lan/sala2/sensor/temp;23.62
2025-11-15T23:24:36.296559;lan/sala1/sensor/temp;22.39
2025-11-15T23:24:37.297549;lan/sala1/sensor/temp;20.66
2025-11-15T23:24:38.208563;lan/sala2/sensor/temp;22.79
2025-11-15T23:24:38.279736;lan/sala1/sensor/hum;23.43
2025-11-15T23:24:38.298114;lan/sala1/sensor/temp;24.91
2025-11-15T23:24:39.298619;lan/sala1/sensor/temp;24.86
2025-11-15T23:24:40.280511;lan/sala1/sensor/hum;24.97
2025-11-15T23:24:40.299471;lan/sala1/sensor/temp;20.27
2025-11-15T23:24:41.209460;lan/sala2/sensor/temp;23.94
2025-11-15T23:24:41.300127;lan/sala1/sensor/temp;24.52
2025-11-15T23:24:43.210211;lan/sala2/sensor/temp;24.44
2025-11-15T23:24:43.281168;lan/sala1/sensor/hum;23.0
2025-11-15T23:24:44.300587;lan/sala1/sensor/temp;22.13
2025-11-15T23:24:45.210655;lan/sala2/sensor/temp;21.32
2025-11-15T23:24:45.281638;lan/sala1/sensor/hum;23.17
2025-11-15T23:24:46.281884;lan/sala1/sensor/hum;20.92
2025-11-15T23:24:47.300781;lan/sala1/sensor/temp;24.55
2025-11-15T23:24:48.211500;lan/sala2/sensor/temp;24.13
2025-11-15T23:24:48.282503;lan/sala1/sensor/hum;22.79
2025-11-15T23:24:48.301221;lan/sala1/sensor/temp;20.65
2025-11-15T23:24:49.302436;lan/sala1/sensor/temp;20.4
2025-11-15T23:24:50.282739;lan/sala1/sensor/hum;20.04
2025-11-15T23:24:50.302854;lan/sala1/sensor/temp;21.29
2025-11-15T23:24:51.212069;lan/sala2/sensor/temp;24.01
2025-11-15T23:24:52.282990;lan/sala1/sensor/hum;24.59
2025-11-15T23:24:52.304122;lan/sala1/sensor/temp;24.07
2025-11-15T23:24:53.284013;lan/sala1/sensor/hum;23.36
2025-11-15T23:24:54.212487;lan/sala2/sensor/temp;20.46
2025-11-15T23:24:54.305075;lan/sala1/sensor/temp;22.31
2025-11-15T23:24:55.213033;lan/sala2/sensor/temp;20.63
2025-11-15T23:24:55.305346;lan/sala1/sensor/temp;21.35
2025-11-15T23:24:56.284281;lan/sala1/sensor/hum;21.48
2025-11-15T23:24:57.305912;lan/sala1/sensor/temp;24.43
2025-11-15T23:24:58.214037;lan/sala2/sensor/temp;21.64
2025-11-15T23:24:59.215037;lan/sala2/sensor/temp;20.51
2025-11-15T23:24:59.285092;lan/sala1/sensor/hum;23.79
2025-11-15T23:25:00.306161;lan/sala1/sensor/temp;20.08
2025-11-15T23:25:01.306438;lan/sala1/sensor/temp;24.98
2025-11-15T23:25:02.215658;lan/sala2/sensor/temp;21.26
2025-11-15T23:25:02.286287;lan/sala1/sensor/hum;21.78
2025-11-15T23:25:03.307555;lan/sala1/sensor/temp;24.45
2025-11-15T23:25:04.215883;lan/sala2/sensor/temp;23.15
2025-11-15T23:25:04.287390;lan/sala1/sensor/hum;24.99
2025-11-15T23:25:05.216982;lan/sala2/sensor/temp;20.97
2025-11-15T23:25:05.308135;lan/sala1/sensor/temp;24.16
2025-11-15T23:25:06.217522;lan/sala2/sensor/temp;23.77
2025-11-15T23:25:06.308434;lan/sala1/sensor/temp;20.1
2025-11-15T23:25:07.287640;lan/sala1/sensor/hum;23.49
2025-11-15T23:25:09.218024;lan/sala2/sensor/temp;20.09
2025-11-15T23:25:09.288285;lan/sala1/sensor/hum;21.79
2025-11-15T23:25:09.309489;lan/sala1/sensor/temp;21.04
2025-11-15T23:25:11.289157;lan/sala1/sensor/hum;21.8
2025-11-15T23:25:12.218854;lan/sala2/sensor/temp;23.93
2025-11-15T23:25:12.309740;lan/sala1/sensor/temp;24.41
2025-11-15T23:25:13.289589;lan/sala1/sensor/hum;20.44
2025-11-15T23:25:13.310268;lan/sala1/sensor/temp;24.7
2025-11-15T23:25:14.219842;lan/sala2/sensor/temp;24.44
2025-11-15T23:25:15.311489;lan/sala1/sensor/temp;23.71
2025-11-15T23:25:16.220981;lan/sala2/sensor/temp;20.91
2025-11-15T23:25:16.289860;lan/sala1/sensor/hum;23.55
2025-11-15T23:25:17.291007;lan/sala1/sensor/hum;20.56
2025-11-15T23:25:17.312014;lan/sala1/sensor/temp;23.53
2025-11-15T23:25:18.221501;lan/sala2/sensor/temp;20.67
2025-11-15T23:25:18.291467;lan/sala1/sensor/hum;20.23
2025-11-15T23:25:19.292052;lan/sala1/sensor/hum;22.22
2025-11-15T23:25:20.222471;lan/sala2/sensor/temp;23.2
2025-11-15T23:25:20.292576;lan/sala1/sensor/hum;24.9
2025-11-15T23:25:20.312591;lan/sala1/sensor/temp;24.03
2025-11-15T23:25:22.223560;lan/sala2/sensor/temp;23.68
2025-11-15T23:25:23.293442;lan/sala1/sensor/hum;24.17
2025-11-15T23:25:23.313598;lan/sala1/sensor/temp;20.96
2025-11-15T23:25:24.224313;lan/sala2/sensor/temp;23.51
2025-11-15T23:25:24.313817;lan/sala1/sensor/temp;20.41
2025-11-15T23:25:25.293795;lan/sala1/sensor/hum;20.34
2025-11-15T23:25:26.294577;lan/sala1/sensor/hum;24.58
2025-11-15T23:25:27.225016;lan/sala2/sensor/temp;23.52
2025-11-15T23:25:27.314138;lan/sala1/sensor/temp;21.7
2025-11-15T23:25:28.225349;lan/sala2/sensor/temp;22.6
2025-11-15T23:25:28.295139;lan/sala1/sensor/hum;21.22
2025-11-15T23:25:29.226607;lan/sala2/sensor/temp;23.49
2025-11-15T23:25:30.295796;lan/sala1/sensor/hum;24.43
2025-11-15T23:25:30.314910;lan/sala1/sensor/temp;24.27
2025-11-15T23:25:31.227465;lan/sala2/sensor/temp;24.0
2025-11-15T23:25:32.315678;lan/sala1/sensor/temp;22.51
2025-11-15T23:25:33.296951;lan/sala1/sensor/hum;21.72
2025-11-15T23:25:33.316098;lan/sala1/sensor/temp;23.79
2025-11-15T23:25:34.227827;lan/sala2/sensor/temp;23.71
2025-11-15T23:25:35.229000;lan/sala2/sensor/temp;23.49
2025-11-15T23:25:35.317281;lan/sala1/sensor/temp;24.01
2025-11-15T23:25:36.229439;lan/sala2/sensor/temp;24.58
2025-11-15T23:25:36.297181;lan/sala1/sensor/hum;24.33
2025-11-15T23:25:36.317510;lan/sala1/sensor/temp;23.24
2025-11-15T23:25:37.229710;lan/sala2/sensor/temp;24.94
2025-11-15T23:25:37.298461;lan/sala1/sensor/hum;24.71
2025-11-15T23:25:38.299482;lan/sala1/sensor/hum;24.2
2025-11-15T23:25:38.318559;lan/sala1/sensor/temp;23.9
2025-11-15T23:25:39.299728;lan/sala1/sensor/hum;23.78
2025-11-15T23:25:40.230000;lan/sala2/sensor/temp;21.54
2025-11-15T23:25:40.319328;lan/sala1/sensor/temp;20.79
2025-11-15T23:25:41.230249;lan/sala2/sensor/temp;21.89
2025-11-15T23:25:41.300023;lan/sala1/sensor/hum;20.4
2025-11-15T23:25:41.320371;lan/sala1/sensor/temp;21.63
2025-11-15T23:25:43.300997;lan/sala1/sensor/hum;24.08
2025-11-15T23:25:44.230755;lan/sala2/sensor/temp;23.53
2025-11-15T23:25:44.302215;lan/sala1/sensor/hum;23.0
2025-11-15T23:25:44.321274;lan/sala1/sensor/temp;24.48
2025-11-15T23:25:45.322157;lan/sala1/sensor/temp;20.79
2025-11-15T23:25:46.231212;lan/sala2/sensor/temp;20.01
2025-11-15T23:25:46.323053;lan/sala1/sensor/temp;23.49
2025-11-15T23:25:47.302942;lan/sala1/sensor/hum;22.13
2025-11-15T23:25:48.303325;lan/sala1/sensor/hum;24.8
2025-11-15T23:25:49.231479;lan/sala2/sensor/temp;20.28
2025-11-15T23:25:49.304692;lan/sala1/sensor/hum;21.35
2025-11-15T23:25:49.323827;lan/sala1/sensor/temp;24.05
2025-11-15T23:25:51.305237;lan/sala1/sensor/hum;20.69
2025-11-15T23:25:52.231971;lan/sala2/sensor/temp;24.65
2025-11-15T23:25:52.324970;lan/sala1/sensor/temp;23.47
2025-11-15T23:25:53.306402;lan/sala1/sensor/hum;23.72
2025-11-15T23:25:54.232268;lan/sala2/sensor/temp;21.22
2025-11-15T23:25:54.325486;lan/sala1/sensor/temp;24.63
2025-11-15T23:25:56.307252;lan/sala1/sensor/hum;24.41
2025-11-15T23:25:56.325963;lan/sala1/sensor/temp;22.26
2025-11-15T23:25:57.232574;lan/sala2/sensor/temp;21.9
2025-11-15T23:25:59.308442;lan/sala1/sensor/hum;22.5
2025-11-15T23:25:59.326208;lan/sala1/sensor/temp;20.58
2025-11-15T23:26:00.232848;lan/sala2/sensor/temp;20.33
2025-11-15T23:26:00.309486;lan/sala1/sensor/hum;24.91
2025-11-15T23:26:00.327475;lan/sala1/sensor/temp;23.96
2025-11-15T23:26:01.328907;lan/sala1/sensor/temp;23.97
2025-11-15T23:26:02.233129;lan/sala2/sensor/temp;22.3
2025-11-15T23:26:02.309744;lan/sala1/sensor/hum;23.08
2025-11-15T23:26:03.233419;lan/sala2/sensor/temp;20.06
2025-11-15T23:26:03.329575;lan/sala1/sensor/temp;22.15
2025-11-15T23:26:04.310136;lan/sala1/sensor/hum;20.63
2025-11-15T23:26:04.330428;lan/sala1/sensor/temp;23.4
2025-11-15T23:26:05.233686;lan/sala2/sensor/temp;22.81
2025-11-15T23:26:06.330730;lan/sala1/sensor/temp;20.63
2025-11-15T23:26:07.234119;lan/sala2/sensor/temp;24.7
2025-11-15T23:26:07.310734;lan/sala1/sensor/hum;22.07
2025-11-15T23:26:08.331031;lan/sala1/sensor/temp;24.96
2025-11-15T23:26:09.311252;lan/sala1/sensor/hum;23.71
2025-11-15T23:26:10.234919;lan/sala2/sensor/temp;20.58
2025-11-15T23:26:10.315435;lan/sala1/sensor/hum;23.02
2025-11-15T23:26:11.235355;lan/sala2/sensor/temp;22.0
2025-11-15T23:26:11.331377;lan/sala1/sensor/temp;21.45
2025-11-15T23:26:12.332590;lan/sala1/sensor/temp;23.4
2025-11-15T23:26:13.315920;lan/sala1/sensor/hum;23.7
2025-11-15T23:26:14.235825;lan/sala2/sensor/temp;22.11
2025-11-15T23:26:14.316257;lan/sala1/sensor/hum;24.91
2025-11-15T23:26:15.333201;lan/sala1/sensor/temp;23.24
2025-11-15T23:26:16.236076;lan/sala2/sensor/temp;24.0
2025-11-15T23:26:16.317410;lan/sala1/sensor/hum;22.76
2025-11-15T23:26:17.333525;lan/sala1/sensor/temp;20.23
2025-11-15T23:26:18.237240;lan/sala2/sensor/temp;22.87
2025-11-15T23:26:18.318524;lan/sala1/sensor/hum;20.96
2025-11-15T23:26:20.319783;lan/sala1/sensor/hum;21.63
2025-11-15T23:26:20.333943;lan/sala1/sensor/temp;23.16
2025-11-15T23:26:21.237500;lan/sala2/sensor/temp;24.51
2025-11-15T23:26:22.237873;lan/sala2/sensor/temp;22.2
2025-11-15T23:26:22.320706;lan/sala1/sensor/hum;24.6
2025-11-15T23:26:22.334793;lan/sala1/sensor/temp;24.63
2025-11-15T23:26:24.238199;lan/sala2/sensor/temp;24.31
2025-11-15T23:26:25.321981;lan/sala1/sensor/hum;21.68
2025-11-15T23:26:25.335778;lan/sala1/sensor/temp;21.74
2025-11-15T23:26:26.323029;lan/sala1/sensor/hum;23.24
2025-11-15T23:26:27.238492;lan/sala2/sensor/temp;20.76
2025-11-15T23:26:27.323559;lan/sala1/sensor/hum;24.64
2025-11-15T23:26:28.239610;lan/sala2/sensor/temp;23.6
2025-11-15T23:26:28.324117;lan/sala1/sensor/hum;22.09
2025-11-15T23:26:28.336934;lan/sala1/sensor/temp;23.4
2025-11-15T23:26:30.324467;lan/sala1/sensor/hum;21.62
2025-11-15T23:26:30.338199;lan/sala1/sensor/temp;22.08
2025-11-15T23:26:31.239943;lan/sala2/sensor/temp;23.21
2025-11-15T23:26:31.324828;lan/sala1/sensor/hum;22.92
2025-11-15T23:26:32.338771;lan/sala1/sensor/temp;20.63
2025-11-15T23:26:33.240865;lan/sala2/sensor/temp;23.34
2025-11-15T23:26:33.325530;lan/sala1/sensor/hum;22.62
2025-11-15T23:26:34.241494;lan/sala2/sensor/temp;22.86
2025-11-15T23:26:34.326696;lan/sala1/sensor/hum;22.85
2025-11-15T23:26:34.339424;lan/sala1/sensor/temp;24.93
2025-11-15T23:26:35.242625;lan/sala2/sensor/temp;21.42
2025-11-15T23:26:35.327875;lan/sala1/sensor/hum;21.97
2025-11-15T23:26:35.340148;lan/sala1/sensor/temp;21.19
2025-11-15T23:26:36.340571;lan/sala1/sensor/temp;20.35
2025-11-15T23:26:37.242890;lan/sala2/sensor/temp;24.76
2025-11-15T23:26:38.328383;lan/sala1/sensor/hum;21.69
2025-11-15T23:26:39.341618;lan/sala1/sensor/temp;22.79
2025-11-15T23:26:40.243174;lan/sala2/sensor/temp;21.94
2025-11-15T23:26:40.329376;lan/sala1/sensor/hum;20.68
2025-11-15T23:26:41.243701;lan/sala2/sensor/temp;22.45
2025-11-15T23:26:42.243972;lan/sala2/sensor/temp;22.03
2025-11-15T23:26:42.341936;lan/sala1/sensor/temp;24.91
2025-11-15T23:26:43.329629;lan/sala1/sensor/hum;22.39
2025-11-15T23:26:44.244715;lan/sala2/sensor/temp;22.61
2025-11-15T23:26:45.245194;lan/sala2/sensor/temp;20.03
2025-11-15T23:26:45.342148;lan/sala1/sensor/temp;20.62
2025-11-15T23:26:46.245494;lan/sala2/sensor/temp;23.94
2025-11-15T23:26:46.330533;lan/sala1/sensor/hum;23.22
2025-11-15T23:26:46.342718;lan/sala1/sensor/temp;23.74
2025-11-15T23:26:47.342881;lan/sala1/sensor/temp;23.86
2025-11-15T23:26:48.331399;lan/sala1/sensor/hum;20.12
2025-11-15T23:26:49.245747;lan/sala2/sensor/temp;23.46
2025-11-15T23:26:49.331977;lan/sala1/sensor/hum;21.86
2025-11-15T23:26:50.332883;lan/sala1/sensor/hum;24.4
2025-11-15T23:26:50.343886;lan/sala1/sensor/temp;21.06
2025-11-15T23:26:52.246017;lan/sala2/sensor/temp;21.21
2025-11-15T23:26:52.344931;lan/sala1/sensor/temp;24.74
2025-11-15T23:26:53.333143;lan/sala1/sensor/hum;22.59
2025-11-15T23:26:54.246258;lan/sala2/sensor/temp;23.37
2025-11-15T23:26:54.333588;lan/sala1/sensor/hum;23.06
2025-11-15T23:26:55.247499;lan/sala2/sensor/temp;24.68
2025-11-15T23:26:55.345706;lan/sala1/sensor/temp;22.87
2025-11-15T23:26:57.248232;lan/sala2/sensor/temp;22.5
2025-11-15T23:26:57.333850;lan/sala1/sensor/hum;23.85
2025-11-15T23:26:57.345949;lan/sala1/sensor/temp;22.42
2025-11-15T23:26:58.334595;lan/sala1/sensor/hum;21.55
2025-11-15T23:26:59.335219;lan/sala1/sensor/hum;21.15
2025-11-15T23:27:00.248986;lan/sala2/sensor/temp;23.56
2025-11-15T23:27:00.346219;lan/sala1/sensor/temp;20.11
2025-11-15T23:27:01.249439;lan/sala2/sensor/temp;22.83
2025-11-15T23:27:02.335701;lan/sala1/sensor/hum;20.12
2025-11-15T23:27:02.347318;lan/sala1/sensor/temp;23.89
2025-11-15T23:27:03.336814;lan/sala1/sensor/hum;23.85
2025-11-15T23:27:04.250119;lan/sala2/sensor/temp;24.59
2025-11-15T23:27:04.348442;lan/sala1/sensor/temp;22.6
2025-11-15T23:27:05.337156;lan/sala1/sensor/hum;20.59
2025-11-15T23:27:06.337432;lan/sala1/sensor/hum;21.56
2025-11-15T23:27:06.349338;lan/sala1/sensor/temp;23.04
2025-11-15T23:27:07.250425;lan/sala2/sensor/temp;21.14
2025-11-15T23:27:07.350169;lan/sala1/sensor/temp;24.19
2025-11-15T23:27:08.250723;lan/sala2/sensor/temp;24.85
2025-11-15T23:27:08.350485;lan/sala1/sensor/temp;24.75
2025-11-15T23:27:09.337795;lan/sala1/sensor/hum;21.99
2025-11-15T23:27:09.350827;lan/sala1/sensor/temp;23.71
2025-11-15T23:27:10.338283;lan/sala1/sensor/hum;21.63
2025-11-15T23:27:11.251474;lan/sala2/sensor/temp;23.39
2025-11-15T23:27:12.252464;lan/sala2/sensor/temp;21.54
2025-11-15T23:27:12.351521;lan/sala1/sensor/temp;22.17
2025-11-15T23:27:13.252971;lan/sala2/sensor/temp;23.67
2025-11-15T23:27:13.339481;lan/sala1/sensor/hum;20.87
2025-11-15T23:27:14.352124;lan/sala1/sensor/temp;24.43
2025-11-15T23:27:16.253275;lan/sala2/sensor/temp;20.46
2025-11-15T23:27:16.340232;lan/sala1/sensor/hum;24.49
2025-11-15T23:27:17.352550;lan/sala1/sensor/temp;20.24
2025-11-15T23:27:18.253604;lan/sala2/sensor/temp;20.13
2025-11-15T23:27:18.340676;lan/sala1/sensor/hum;23.67
2025-11-15T23:27:18.352898;lan/sala1/sensor/temp;23.83
2025-11-15T23:27:19.340923;lan/sala1/sensor/hum;23.38
2025-11-15T23:27:19.353473;lan/sala1/sensor/temp;21.03
2025-11-15T23:27:20.354373;lan/sala1/sensor/temp;24.1
2025-11-15T23:27:21.254125;lan/sala2/sensor/temp;22.93
2025-11-15T23:27:21.341722;lan/sala1/sensor/hum;24.66
2025-11-15T23:27:22.355176;lan/sala1/sensor/temp;21.1
2025-11-15T23:27:24.255314;lan/sala2/sensor/temp;24.06
2025-11-15T23:27:24.342560;lan/sala1/sensor/hum;21.9
2025-11-15T23:27:25.342789;lan/sala1/sensor/hum;21.52
2025-11-15T23:27:25.355457;lan/sala1/sensor/temp;21.34
2025-11-15T23:27:27.255962;lan/sala2/sensor/temp;21.9
2025-11-15T23:27:27.355998;lan/sala1/sensor/temp;21.8
2025-11-15T23:27:28.343291;lan/sala1/sensor/hum;24.77
2025-11-15T23:27:29.344656;lan/sala1/sensor/hum;21.96
2025-11-15T23:27:30.256445;lan/sala2/sensor/temp;23.56
2025-11-15T23:27:30.357394;lan/sala1/sensor/temp;23.74
2025-11-15T23:27:31.357682;lan/sala1/sensor/temp;22.08
2025-11-15T23:27:32.256923;lan/sala2/sensor/temp;22.79
2025-11-15T23:27:32.345219;lan/sala1/sensor/hum;20.25
2025-11-15T23:27:32.358036;lan/sala1/sensor/temp;21.17
2025-11-15T23:27:33.257506;lan/sala2/sensor/temp;20.89
2025-11-15T23:27:35.257543;lan/sala2/sensor/temp;22.86
2025-11-15T23:27:35.345655;lan/sala1/sensor/hum;22.43
2025-11-15T23:27:35.358742;lan/sala1/sensor/temp;24.57
2025-11-15T23:27:37.345916;lan/sala1/sensor/hum;21.91
2025-11-15T23:27:38.258048;lan/sala2/sensor/temp;22.36
2025-11-15T23:27:38.359510;lan/sala1/sensor/temp;20.79
2025-11-15T23:27:39.258631;lan/sala2/sensor/temp;21.02
2025-11-15T23:27:39.360360;lan/sala1/sensor/temp;21.36
2025-11-15T23:27:40.347339;lan/sala1/sensor/hum;21.64
2025-11-15T23:27:40.361133;lan/sala1/sensor/temp;20.53
2025-11-15T23:27:41.259629;lan/sala2/sensor/temp;21.77
2025-11-15T23:27:42.348010;lan/sala1/sensor/hum;22.93
2025-11-15T23:27:43.348358;lan/sala1/sensor/hum;21.5
2025-11-15T23:27:43.361959;lan/sala1/sensor/temp;23.47
2025-11-15T23:27:44.260659;lan/sala2/sensor/temp;23.04
2025-11-15T23:27:45.349458;lan/sala1/sensor/hum;22.11
2025-11-15T23:27:46.260920;lan/sala2/sensor/temp;24.12
2025-11-15T23:27:46.362035;lan/sala1/sensor/temp;20.8
2025-11-15T23:27:47.349962;lan/sala1/sensor/hum;21.3
2025-11-15T23:27:48.362692;lan/sala1/sensor/temp;23.12
2025-11-15T23:27:49.261376;lan/sala2/sensor/temp;22.58
2025-11-15T23:27:49.351430;lan/sala1/sensor/hum;21.72
2025-11-15T23:27:51.262124;lan/sala2/sensor/temp;22.49
2025-11-15T23:27:51.362999;lan/sala1/sensor/temp;23.97
2025-11-15T23:27:52.351798;lan/sala1/sensor/hum;24.04
2025-11-15T23:27:53.262858;lan/sala2/sensor/temp;20.51
2025-11-15T23:27:54.263193;lan/sala2/sensor/temp;21.57
2025-11-15T23:27:54.352228;lan/sala1/sensor/hum;23.58
2025-11-15T23:27:54.363353;lan/sala1/sensor/temp;20.51
2025-11-15T23:27:55.364033;lan/sala1/sensor/temp;20.03
2025-11-15T23:27:56.263513;lan/sala2/sensor/temp;20.15
2025-11-15T23:27:56.352635;lan/sala1/sensor/hum;22.0
2025-11-15T23:27:56.364618;lan/sala1/sensor/temp;20.01
2025-11-15T23:27:58.353111;lan/sala1/sensor/hum;21.13
2025-11-15T23:27:58.365356;lan/sala1/sensor/temp;23.35
2025-11-15T23:27:59.263967;lan/sala2/sensor/temp;20.05
2025-11-15T23:27:59.354073;lan/sala1/sensor/hum;21.78
2025-11-15T23:27:59.365734;lan/sala1/sensor/temp;24.67
2025-11-15T23:28:00.265245;lan/sala2/sensor/temp;22.67
2025-11-15T23:28:01.265620;lan/sala2/sensor/temp;24.23
2025-11-15T23:28:02.354668;lan/sala1/sensor/hum;20.68
2025-11-15T23:28:02.366311;lan/sala1/sensor/temp;21.0
2025-11-15T23:28:04.265942;lan/sala2/sensor/temp;22.91
2025-11-15T23:28:05.355091;lan/sala1/sensor/hum;23.55
2025-11-15T23:28:05.366976;lan/sala1/sensor/temp;21.43
2025-11-15T23:28:06.267507;lan/sala2/sensor/temp;20.62
2025-11-15T23:28:06.367358;lan/sala1/sensor/temp;24.11
2025-11-15T23:28:07.267572;lan/sala2/sensor/temp;24.02
2025-11-15T23:28:07.355642;lan/sala1/sensor/hum;20.36
2025-11-15T23:28:07.367648;lan/sala1/sensor/temp;20.62
2025-11-15T23:28:08.267824;lan/sala2/sensor/temp;20.34
2025-11-15T23:28:08.356404;lan/sala1/sensor/hum;23.63
2025-11-15T23:28:09.368887;lan/sala1/sensor/temp;24.13
2025-11-15T23:28:10.268112;lan/sala2/sensor/temp;20.74
2025-11-15T23:28:10.357149;lan/sala1/sensor/hum;23.74
2025-11-15T23:28:10.370088;lan/sala1/sensor/temp;24.44
2025-11-15T23:28:12.268435;lan/sala2/sensor/temp;22.55
2025-11-15T23:28:12.357438;lan/sala1/sensor/hum;20.51
2025-11-15T23:28:12.370343;lan/sala1/sensor/temp;20.18
2025-11-15T23:28:15.269598;lan/sala2/sensor/temp;20.68
2025-11-15T23:28:15.357903;lan/sala1/sensor/hum;23.89
2025-11-15T23:28:15.370775;lan/sala1/sensor/temp;22.17
2025-11-15T23:28:16.371088;lan/sala1/sensor/temp;23.59
2025-11-15T23:28:17.358425;lan/sala1/sensor/hum;23.12
2025-11-15T23:28:18.270002;lan/sala2/sensor/temp;20.49
2025-11-15T23:28:18.371486;lan/sala1/sensor/temp;20.64
2025-11-15T23:28:20.359574;lan/sala1/sensor/hum;22.53
2025-11-15T23:28:20.372319;lan/sala1/sensor/temp;23.62
2025-11-15T23:28:21.270293;lan/sala2/sensor/temp;20.28
2025-11-15T23:28:23.359979;lan/sala1/sensor/hum;24.57
2025-11-15T23:28:23.372763;lan/sala1/sensor/temp;24.89
2025-11-15T23:28:24.270514;lan/sala2/sensor/temp;20.26
2025-11-15T23:28:25.360249;lan/sala1/sensor/hum;22.27
2025-11-15T23:28:25.373022;lan/sala1/sensor/temp;24.83
2025-11-15T23:28:26.270801;lan/sala2/sensor/temp;21.44
2025-11-15T23:28:26.373504;lan/sala1/sensor/temp;23.54
2025-11-15T23:28:27.360678;lan/sala1/sensor/hum;23.19
2025-11-15T23:28:27.373702;lan/sala1/sensor/temp;21.57
2025-11-15T23:28:29.271844;lan/sala2/sensor/temp;20.71
2025-11-15T23:28:29.374007;lan/sala1/sensor/temp;23.82
2025-11-15T23:28:30.361505;lan/sala1/sensor/hum;22.64
2025-11-15T23:28:30.374698;lan/sala1/sensor/temp;21.27
2025-11-15T23:28:31.272083;lan/sala2/sensor/temp;23.18
2025-11-15T23:28:33.361971;lan/sala1/sensor/hum;21.15
2025-11-15T23:28:33.375280;lan/sala1/sensor/temp;24.95
2025-11-15T23:28:34.272358;lan/sala2/sensor/temp;22.75
2025-11-15T23:28:35.272593;lan/sala2/sensor/temp;24.16
2025-11-15T23:28:35.363092;lan/sala1/sensor/hum;20.65
2025-11-15T23:28:36.273800;lan/sala2/sensor/temp;23.14
2025-11-15T23:28:36.375674;lan/sala1/sensor/temp;24.78
2025-11-15T23:28:37.364094;lan/sala1/sensor/hum;23.34
2025-11-15T23:28:37.376040;lan/sala1/sensor/temp;24.88
2025-11-15T23:28:38.274094;lan/sala2/sensor/temp;23.02
2025-11-15T23:28:39.274878;lan/sala2/sensor/temp;23.28
2025-11-15T23:28:40.364781;lan/sala1/sensor/hum;20.03
2025-11-15T23:28:40.377188;lan/sala1/sensor/temp;20.83
2025-11-15T23:28:42.275425;lan/sala2/sensor/temp;24.54
2025-11-15T23:28:42.377498;lan/sala1/sensor/temp;21.81
2025-11-15T23:28:43.276082;lan/sala2/sensor/temp;20.49
2025-11-15T23:28:43.365496;lan/sala1/sensor/hum;21.61
2025-11-15T23:28:44.277250;lan/sala2/sensor/temp;22.3
2025-11-15T23:28:44.378086;lan/sala1/sensor/temp;24.15
2025-11-15T23:28:45.277522;lan/sala2/sensor/temp;24.45
2025-11-15T23:28:46.277818;lan/sala2/sensor/temp;24.3
2025-11-15T23:28:46.365871;lan/sala1/sensor/hum;20.25
2025-11-15T23:28:46.378467;lan/sala1/sensor/temp;24.56
2025-11-15T23:28:48.278112;lan/sala2/sensor/temp;24.39
2025-11-15T23:28:49.278373;lan/sala2/sensor/temp;23.11
2025-11-15T23:28:49.366272;lan/sala1/sensor/hum;22.55
2025-11-15T23:28:49.379382;lan/sala1/sensor/temp;23.28
2025-11-15T23:28:50.279489;lan/sala2/sensor/temp;21.44
2025-11-15T23:28:50.367110;lan/sala1/sensor/hum;21.73
2025-11-15T23:28:50.379595;lan/sala1/sensor/temp;23.05
2025-11-15T23:28:51.368164;lan/sala1/sensor/hum;22.62
2025-11-15T23:28:52.279880;lan/sala2/sensor/temp;23.63
2025-11-15T23:28:52.369378;lan/sala1/sensor/hum;22.96
2025-11-15T23:28:53.280196;lan/sala2/sensor/temp;21.4
2025-11-15T23:28:53.380223;lan/sala1/sensor/temp;23.9
2025-11-15T23:28:54.280420;lan/sala2/sensor/temp;22.45
2025-11-15T23:28:54.370094;lan/sala1/sensor/hum;21.15
2025-11-15T23:28:54.381176;lan/sala1/sensor/temp;21.0
2025-11-15T23:28:55.280719;lan/sala2/sensor/temp;20.79
2025-11-15T23:28:55.382152;lan/sala1/sensor/temp;22.13
2025-11-15T23:28:56.281873;lan/sala2/sensor/temp;20.55
2025-11-15T23:28:57.370345;lan/sala1/sensor/hum;24.65
2025-11-15T23:28:57.383199;lan/sala1/sensor/temp;24.77
2025-11-15T23:28:58.282476;lan/sala2/sensor/temp;22.43
2025-11-15T23:28:58.384207;lan/sala1/sensor/temp;22.04
2025-11-15T23:28:59.283421;lan/sala2/sensor/temp;23.33
2025-11-15T23:28:59.371313;lan/sala1/sensor/hum;21.5
2025-11-15T23:29:01.372119;lan/sala1/sensor/hum;22.66
2025-11-15T23:29:01.384554;lan/sala1/sensor/temp;22.14
2025-11-15T23:29:02.283758;lan/sala2/sensor/temp;21.23
2025-11-15T23:29:02.385353;lan/sala1/sensor/temp;23.76
2025-11-15T23:29:03.373293;lan/sala1/sensor/hum;23.35
2025-11-15T23:29:04.385797;lan/sala1/sensor/temp;20.9
2025-11-15T23:29:05.284505;lan/sala2/sensor/temp;21.42
2025-11-15T23:29:05.374441;lan/sala1/sensor/hum;23.9
2025-11-15T23:29:05.386024;lan/sala1/sensor/temp;24.04
2025-11-15T23:29:06.375095;lan/sala1/sensor/hum;25.0
2025-11-15T23:29:07.285208;lan/sala2/sensor/temp;22.04
2025-11-15T23:29:08.375359;lan/sala1/sensor/hum;21.98
2025-11-15T23:29:08.386980;lan/sala1/sensor/temp;24.96
2025-11-15T23:29:10.285624;lan/sala2/sensor/temp;23.92
2025-11-15T23:29:10.387350;lan/sala1/sensor/temp;21.28
2025-11-15T23:29:11.286622;lan/sala2/sensor/temp;21.27
2025-11-15T23:29:11.375770;lan/sala1/sensor/hum;24.8
2025-11-15T23:29:12.287056;lan/sala2/sensor/temp;20.61
2025-11-15T23:29:12.387629;lan/sala1/sensor/temp;20.39
2025-11-15T23:29:13.287323;lan/sala2/sensor/temp;24.31
2025-11-15T23:29:13.376947;lan/sala1/sensor/hum;22.22
2025-11-15T23:29:13.388757;lan/sala1/sensor/temp;23.53
2025-11-15T23:29:14.389484;lan/sala1/sensor/temp;22.89
2025-11-15T23:29:15.288258;lan/sala2/sensor/temp;20.7
2025-11-15T23:29:16.289559;lan/sala2/sensor/temp;22.34
2025-11-15T23:29:16.377176;lan/sala1/sensor/hum;20.84
2025-11-15T23:29:16.390396;lan/sala1/sensor/temp;20.92
2025-11-15T23:29:17.391494;lan/sala1/sensor/temp;23.09
2025-11-15T23:29:18.289815;lan/sala2/sensor/temp;23.09
2025-11-15T23:29:18.379057;lan/sala1/sensor/hum;24.34
2025-11-15T23:29:19.379496;lan/sala1/sensor/hum;22.08
2025-11-15T23:29:19.392128;lan/sala1/sensor/temp;23.65
2025-11-15T23:29:20.393409;lan/sala1/sensor/temp;24.71
2025-11-15T23:29:21.290074;lan/sala2/sensor/temp;20.54
2025-11-15T23:29:22.379790;lan/sala1/sensor/hum;22.66
2025-11-15T23:29:22.393675;lan/sala1/sensor/temp;21.69
2025-11-15T23:29:23.291098;lan/sala2/sensor/temp;21.14
2025-11-15T23:29:23.380485;lan/sala1/sensor/hum;21.8
2025-11-15T23:29:24.291467;lan/sala2/sensor/temp;23.69
2025-11-15T23:29:25.381476;lan/sala1/sensor/hum;22.67
2025-11-15T23:29:25.393895;lan/sala1/sensor/temp;23.71
2025-11-15T23:29:26.292480;lan/sala2/sensor/temp;24.82
2025-11-15T23:29:28.292799;lan/sala2/sensor/temp;21.46
2025-11-15T23:29:28.381827;lan/sala1/sensor/hum;20.85
2025-11-15T23:29:28.395023;lan/sala1/sensor/temp;20.3
2025-11-15T23:29:29.293231;lan/sala2/sensor/temp;20.81
2025-11-15T23:29:29.382281;lan/sala1/sensor/hum;24.52
2025-11-15T23:29:30.382479;lan/sala1/sensor/hum;24.81
2025-11-15T23:29:30.395482;lan/sala1/sensor/temp;21.78
2025-11-15T23:29:31.395605;lan/sala1/sensor/temp;20.78
2025-11-15T23:29:32.293726;lan/sala2/sensor/temp;23.83
2025-11-15T23:29:32.382910;lan/sala1/sensor/hum;21.4
2025-11-15T23:29:33.293990;lan/sala2/sensor/temp;22.25
2025-11-15T23:29:33.383174;lan/sala1/sensor/hum;21.38
2025-11-15T23:29:34.294559;lan/sala2/sensor/temp;23.92
2025-11-15T23:29:34.384256;lan/sala1/sensor/hum;21.18
2025-11-15T23:29:34.395802;lan/sala1/sensor/temp;20.33
2025-11-15T23:29:35.295573;lan/sala2/sensor/temp;23.47
2025-11-15T23:29:35.384858;lan/sala1/sensor/hum;22.21
2025-11-15T23:29:37.396126;lan/sala1/sensor/temp;20.39
2025-11-15T23:29:38.295746;lan/sala2/sensor/temp;23.54
2025-11-15T23:29:38.385313;lan/sala1/sensor/hum;24.96
2025-11-15T23:29:39.385577;lan/sala1/sensor/hum;22.97
2025-11-15T23:29:40.296007;lan/sala2/sensor/temp;20.41
2025-11-15T23:29:40.396895;lan/sala1/sensor/temp;20.11
2025-11-15T23:29:41.297221;lan/sala2/sensor/temp;22.19
2025-11-15T23:29:42.386840;lan/sala1/sensor/hum;24.41
2025-11-15T23:29:42.397098;lan/sala1/sensor/temp;24.82
2025-11-15T23:29:43.297487;lan/sala2/sensor/temp;23.29
2025-11-15T23:29:43.397407;lan/sala1/sensor/temp;22.5
2025-11-15T23:29:44.387790;lan/sala1/sensor/hum;24.51
2025-11-15T23:29:45.297749;lan/sala2/sensor/temp;22.44
2025-11-15T23:29:46.397752;lan/sala1/sensor/temp;22.66
2025-11-15T23:29:47.388765;lan/sala1/sensor/hum;21.58
2025-11-15T23:29:47.398869;lan/sala1/sensor/temp;24.51
2025-11-15T23:29:48.298716;lan/sala2/sensor/temp;21.42
2025-11-15T23:29:50.389463;lan/sala1/sensor/hum;20.36
2025-11-15T23:29:50.399428;lan/sala1/sensor/temp;20.87
2025-11-15T23:29:51.299465;lan/sala2/sensor/temp;22.8
2025-11-15T23:29:52.390699;lan/sala1/sensor/hum;21.71
2025-11-15T23:29:53.391319;lan/sala1/sensor/hum;23.91
2025-11-15T23:29:53.400499;lan/sala1/sensor/temp;22.55
2025-11-15T23:29:54.300749;lan/sala2/sensor/temp;22.43
2025-11-15T23:29:54.401744;lan/sala1/sensor/temp;23.46
2025-11-15T23:29:55.302031;lan/sala2/sensor/temp;22.1
2025-11-15T23:29:55.391923;lan/sala1/sensor/hum;20.88
2025-11-15T23:29:57.302307;lan/sala2/sensor/temp;21.93
2025-11-15T23:29:57.392201;lan/sala1/sensor/hum;24.19
2025-11-15T23:29:57.402088;lan/sala1/sensor/temp;24.64
2025-11-15T23:29:59.392485;lan/sala1/sensor/hum;21.54
2025-11-15T23:30:00.302573;lan/sala2/sensor/temp;22.47
2025-11-15T23:30:00.403216;lan/sala1/sensor/temp;20.9
2025-11-15T23:30:01.393700;lan/sala1/sensor/hum;20.5
2025-11-15T23:30:01.403717;lan/sala1/sensor/temp;20.43
2025-11-15T23:30:02.303037;lan/sala2/sensor/temp;22.08
2025-11-15T23:30:02.394738;lan/sala1/sensor/hum;22.56
2025-11-15T23:30:02.404391;lan/sala1/sensor/temp;23.9
2025-11-15T23:30:03.303289;lan/sala2/sensor/temp;20.62
2025-11-15T23:30:04.395692;lan/sala1/sensor/hum;22.54
2025-11-15T23:30:05.303568;lan/sala2/sensor/temp;21.79
2025-11-15T23:30:05.405144;lan/sala1/sensor/temp;24.5
2025-11-15T23:30:06.304718;lan/sala2/sensor/temp;24.76
2025-11-15T23:30:06.395930;lan/sala1/sensor/hum;20.68
2025-11-15T23:30:07.305205;lan/sala2/sensor/temp;22.28
2025-11-15T23:30:07.397188;lan/sala1/sensor/hum;22.32
2025-11-15T23:30:07.406033;lan/sala1/sensor/temp;22.95
2025-11-15T23:30:09.407231;lan/sala1/sensor/temp;23.43
2025-11-15T23:30:10.305649;lan/sala2/sensor/temp;21.65
2025-11-15T23:30:10.397437;lan/sala1/sensor/hum;20.97
2025-11-15T23:30:11.305908;lan/sala2/sensor/temp;23.23
2025-11-15T23:30:11.398049;lan/sala1/sensor/hum;21.41
2025-11-15T23:30:12.407490;lan/sala1/sensor/temp;24.12
2025-11-15T23:30:13.306245;lan/sala2/sensor/temp;24.27
2025-11-15T23:30:14.398381;lan/sala1/sensor/hum;22.04
2025-11-15T23:30:15.306682;lan/sala2/sensor/temp;21.73
2025-11-15T23:30:15.408337;lan/sala1/sensor/temp;23.36
2025-11-15T23:30:16.307097;lan/sala2/sensor/temp;23.27
2025-11-15T23:30:17.399597;lan/sala1/sensor/hum;21.65
2025-11-15T23:30:18.409387;lan/sala1/sensor/temp;23.98
2025-11-15T23:30:19.307613;lan/sala2/sensor/temp;20.51
2025-11-15T23:30:19.399996;lan/sala1/sensor/hum;23.99
2025-11-15T23:30:19.409737;lan/sala1/sensor/temp;24.72
2025-11-15T23:30:20.308066;lan/sala2/sensor/temp;24.48
2025-11-15T23:30:21.309077;lan/sala2/sensor/temp;20.36
2025-11-15T23:30:21.410057;lan/sala1/sensor/temp;22.08
2025-11-15T23:30:22.400458;lan/sala1/sensor/hum;20.15
2025-11-15T23:30:23.401496;lan/sala1/sensor/hum;23.41
2025-11-15T23:30:24.309516;lan/sala2/sensor/temp;22.17
2025-11-15T23:30:24.410347;lan/sala1/sensor/temp;22.62
2025-11-15T23:30:25.410749;lan/sala1/sensor/temp;23.76
2025-11-15T23:30:26.309874;lan/sala2/sensor/temp;24.49
2025-11-15T23:30:26.402866;lan/sala1/sensor/hum;20.29
2025-11-15T23:30:28.403266;lan/sala1/sensor/hum;22.19
2025-11-15T23:30:28.411492;lan/sala1/sensor/temp;22.49
2025-11-15T23:30:29.310329;lan/sala2/sensor/temp;23.56
2025-11-15T23:30:30.411794;lan/sala1/sensor/temp;20.32
2025-11-15T23:30:31.403606;lan/sala1/sensor/hum;24.95
2025-11-15T23:30:32.310684;lan/sala2/sensor/temp;20.18
2025-11-15T23:30:32.403906;lan/sala1/sensor/hum;22.15
2025-11-15T23:30:33.311566;lan/sala2/sensor/temp;24.42
2025-11-15T23:30:33.412083;lan/sala1/sensor/temp;22.9
2025-11-15T23:30:34.312432;lan/sala2/sensor/temp;20.57
2025-11-15T23:30:34.405178;lan/sala1/sensor/hum;24.83
2025-11-15T23:30:36.312720;lan/sala2/sensor/temp;23.52
2025-11-15T23:30:36.406357;lan/sala1/sensor/hum;23.78
2025-11-15T23:30:36.412266;lan/sala1/sensor/temp;24.41
2025-11-15T23:30:37.313546;lan/sala2/sensor/temp;23.34
2025-11-15T23:30:37.407104;lan/sala1/sensor/hum;22.1
2025-11-15T23:30:39.314114;lan/sala2/sensor/temp;22.23
2025-11-15T23:30:39.412714;lan/sala1/sensor/temp;22.35
2025-11-15T23:30:40.314409;lan/sala2/sensor/temp;22.62
2025-11-15T23:30:40.407365;lan/sala1/sensor/hum;22.52
2025-11-15T23:30:41.314629;lan/sala2/sensor/temp;23.22
2025-11-15T23:30:41.413007;lan/sala1/sensor/temp;20.04
2025-11-15T23:30:42.408137;lan/sala1/sensor/hum;21.02
2025-11-15T23:30:43.315112;lan/sala2/sensor/temp;24.37
2025-11-15T23:30:43.413667;lan/sala1/sensor/temp;23.58
2025-11-15T23:30:44.409277;lan/sala1/sensor/hum;21.67
2025-11-15T23:30:45.410117;lan/sala1/sensor/hum;20.45
2025-11-15T23:30:46.316115;lan/sala2/sensor/temp;21.04
2025-11-15T23:30:46.411135;lan/sala1/sensor/hum;24.13
2025-11-15T23:30:46.414150;lan/sala1/sensor/temp;23.39
2025-11-15T23:30:47.317426;lan/sala2/sensor/temp;20.22
2025-11-15T23:30:47.411756;lan/sala1/sensor/hum;23.56
2025-11-15T23:30:47.414736;lan/sala1/sensor/temp;21.1
2025-11-15T23:30:48.412321;lan/sala1/sensor/hum;23.42
2025-11-15T23:30:48.415226;lan/sala1/sensor/temp;23.47
2025-11-15T23:30:49.412983;lan/sala1/sensor/hum;24.41
2025-11-15T23:30:50.317685;lan/sala2/sensor/temp;23.26
2025-11-15T23:30:50.415537;lan/sala1/sensor/temp;22.48
2025-11-15T23:30:51.416317;lan/sala1/sensor/temp;20.84
2025-11-15T23:30:52.413607;lan/sala1/sensor/hum;23.58
2025-11-15T23:30:52.416541;lan/sala1/sensor/temp;24.82
2025-11-15T23:30:53.318634;lan/sala2/sensor/temp;22.52
2025-11-15T23:30:53.414085;lan/sala1/sensor/hum;20.02
2025-11-15T23:30:54.416813;lan/sala1/sensor/temp;20.55
2025-11-15T23:30:55.414715;lan/sala1/sensor/hum;24.97
2025-11-15T23:30:55.417083;lan/sala1/sensor/temp;24.18
2025-11-15T23:30:56.319475;lan/sala2/sensor/temp;21.63
2025-11-15T23:30:56.414973;lan/sala1/sensor/hum;23.01
2025-11-15T23:30:58.415248;lan/sala1/sensor/hum;21.34
2025-11-15T23:30:58.418193;lan/sala1/sensor/temp;21.76
2025-11-15T23:30:59.320154;lan/sala2/sensor/temp;20.94
2025-11-15T23:31:00.418459;lan/sala1/sensor/temp;21.58
2025-11-15T23:31:01.416286;lan/sala1/sensor/hum;22.45
2025-11-15T23:31:01.419212;lan/sala1/sensor/temp;24.94
2025-11-15T23:31:02.320423;lan/sala2/sensor/temp;21.98
2025-11-15T23:31:03.419561;lan/sala1/sensor/temp;21.56
2025-11-15T23:31:04.320736;lan/sala2/sensor/temp;20.91
2025-11-15T23:31:04.416552;lan/sala1/sensor/hum;24.28
2025-11-15T23:31:05.419831;lan/sala1/sensor/temp;21.77
2025-11-15T23:31:06.321596;lan/sala2/sensor/temp;24.63
2025-11-15T23:31:06.416815;lan/sala1/sensor/hum;24.42
2025-11-15T23:31:07.322094;lan/sala2/sensor/temp;24.6
2025-11-15T23:31:07.420105;lan/sala1/sensor/temp;22.83
2025-11-15T23:31:08.417037;lan/sala1/sensor/hum;22.39
2025-11-15T23:31:09.322645;lan/sala2/sensor/temp;21.73
2025-11-15T23:31:09.420766;lan/sala1/sensor/temp;20.25
2025-11-15T23:31:10.417314;lan/sala1/sensor/hum;22.95
2025-11-15T23:31:10.421003;lan/sala1/sensor/temp;21.44
2025-11-15T23:31:12.323718;lan/sala2/sensor/temp;23.87
2025-11-15T23:31:12.422123;lan/sala1/sensor/temp;21.2
2025-11-15T23:31:13.417599;lan/sala1/sensor/hum;20.42
2025-11-15T23:31:13.423099;lan/sala1/sensor/temp;20.49
2025-11-15T23:31:15.324755;lan/sala2/sensor/temp;22.33
2025-11-15T23:31:15.417870;lan/sala1/sensor/hum;20.64
2025-11-15T23:31:16.423986;lan/sala1/sensor/temp;22.62
2025-11-15T23:31:17.418139;lan/sala1/sensor/hum;21.97
2025-11-15T23:31:17.425155;lan/sala1/sensor/temp;21.88
2025-11-15T23:31:18.325065;lan/sala2/sensor/temp;22.95
2025-11-15T23:31:20.418406;lan/sala1/sensor/hum;24.2
2025-11-15T23:31:20.426246;lan/sala1/sensor/temp;20.08
2025-11-15T23:31:21.326232;lan/sala2/sensor/temp;21.85
2025-11-15T23:31:22.326512;lan/sala2/sensor/temp;23.69
2025-11-15T23:31:22.419243;lan/sala1/sensor/hum;22.54
2025-11-15T23:31:23.327552;lan/sala2/sensor/temp;21.39
2025-11-15T23:31:23.426531;lan/sala1/sensor/temp;20.17
2025-11-15T23:31:24.327803;lan/sala2/sensor/temp;20.25
2025-11-15T23:31:24.420074;lan/sala1/sensor/hum;24.35
2025-11-15T23:31:25.426779;lan/sala1/sensor/temp;24.87
2025-11-15T23:31:26.328237;lan/sala2/sensor/temp;21.32
2025-11-15T23:31:26.427680;lan/sala1/sensor/temp;21.48
2025-11-15T23:31:27.329452;lan/sala2/sensor/temp;22.45
2025-11-15T23:31:27.420337;lan/sala1/sensor/hum;22.09
2025-11-15T23:31:27.427919;lan/sala1/sensor/temp;22.57
2025-11-15T23:31:28.330273;lan/sala2/sensor/temp;21.92
2025-11-15T23:31:28.428212;lan/sala1/sensor/temp;21.44
2025-11-15T23:31:30.420582;lan/sala1/sensor/hum;23.84
2025-11-15T23:31:31.331510;lan/sala2/sensor/temp;21.53
2025-11-15T23:31:31.428457;lan/sala1/sensor/temp;23.79
2025-11-15T23:31:32.421480;lan/sala1/sensor/hum;23.37
2025-11-15T23:31:32.429474;lan/sala1/sensor/temp;24.01
2025-11-15T23:31:33.332658;lan/sala2/sensor/temp;21.45
2025-11-15T23:31:33.429715;lan/sala1/sensor/temp;24.17
2025-11-15T23:31:34.332949;lan/sala2/sensor/temp;23.54
2025-11-15T23:31:35.422017;lan/sala1/sensor/hum;21.34
2025-11-15T23:31:35.430439;lan/sala1/sensor/temp;20.13
2025-11-15T23:31:36.333557;lan/sala2/sensor/temp;21.56
2025-11-15T23:31:38.334075;lan/sala2/sensor/temp;20.23
2025-11-15T23:31:38.422886;lan/sala1/sensor/hum;24.79
2025-11-15T23:31:38.430583;lan/sala1/sensor/temp;21.92
2025-11-15T23:31:39.423547;lan/sala1/sensor/hum;24.71
2025-11-15T23:31:40.334556;lan/sala2/sensor/temp;20.48
2025-11-15T23:31:41.431102;lan/sala1/sensor/temp;23.17
2025-11-15T23:31:42.424074;lan/sala1/sensor/hum;20.79
2025-11-15T23:31:43.335074;lan/sala2/sensor/temp;21.28
2025-11-15T23:31:44.431741;lan/sala1/sensor/temp;21.91
2025-11-15T23:31:45.425041;lan/sala1/sensor/hum;21.33
2025-11-15T23:31:45.431885;lan/sala1/sensor/temp;24.53
2025-11-15T23:31:46.336223;lan/sala2/sensor/temp;22.4
2025-11-15T23:31:47.432551;lan/sala1/sensor/temp;24.24
2025-11-15T23:31:48.426063;lan/sala1/sensor/hum;22.18
2025-11-15T23:31:49.336527;lan/sala2/sensor/temp;23.01
2025-11-15T23:31:49.426332;lan/sala1/sensor/hum;21.48
2025-11-15T23:31:49.433650;lan/sala1/sensor/temp;24.43
2025-11-15T23:31:52.336759;lan/sala2/sensor/temp;22.67
2025-11-15T23:31:52.426614;lan/sala1/sensor/hum;22.64
2025-11-15T23:31:52.433958;lan/sala1/sensor/temp;24.39
2025-11-15T23:31:53.427626;lan/sala1/sensor/hum;24.61
2025-11-15T23:31:55.337045;lan/sala2/sensor/temp;21.12
2025-11-15T23:31:55.428599;lan/sala1/sensor/hum;20.95
2025-11-15T23:31:55.434151;lan/sala1/sensor/temp;24.2
2025-11-15T23:31:56.429482;lan/sala1/sensor/hum;24.84
2025-11-15T23:31:56.434508;lan/sala1/sensor/temp;24.92
2025-11-15T23:31:58.337297;lan/sala2/sensor/temp;21.42
2025-11-15T23:31:58.435080;lan/sala1/sensor/temp;20.64
2025-11-15T23:31:59.429756;lan/sala1/sensor/hum;23.37
2025-11-15T23:31:59.435962;lan/sala1/sensor/temp;24.4
2025-11-15T23:32:00.337550;lan/sala2/sensor/temp;22.12
2025-11-15T23:32:01.429995;lan/sala1/sensor/hum;24.37
2025-11-15T23:32:02.338721;lan/sala2/sensor/temp;22.3
2025-11-15T23:32:02.436479;lan/sala1/sensor/temp;23.98
2025-11-15T23:32:03.339473;lan/sala2/sensor/temp;22.94
2025-11-15T23:32:04.430266;lan/sala1/sensor/hum;20.25
2025-11-15T23:32:04.436679;lan/sala1/sensor/temp;22.24
2025-11-15T23:32:05.340079;lan/sala2/sensor/temp;20.95
2025-11-15T23:32:06.436992;lan/sala1/sensor/temp;21.92
2025-11-15T23:32:07.340422;lan/sala2/sensor/temp;23.8
2025-11-15T23:32:07.431509;lan/sala1/sensor/hum;21.22
2025-11-15T23:32:09.341307;lan/sala2/sensor/temp;24.44
2025-11-15T23:32:09.432528;lan/sala1/sensor/hum;24.96
2025-11-15T23:32:09.437433;lan/sala1/sensor/temp;22.49
2025-11-15T23:32:10.341735;lan/sala2/sensor/temp;23.86
2025-11-15T23:32:11.342608;lan/sala2/sensor/temp;24.75
2025-11-15T23:32:11.433392;lan/sala1/sensor/hum;21.78
2025-11-15T23:32:11.438092;lan/sala1/sensor/temp;20.33
2025-11-15T23:32:13.434027;lan/sala1/sensor/hum;24.03
2025-11-15T23:32:13.438633;lan/sala1/sensor/temp;22.86
2025-11-15T23:32:14.342871;lan/sala2/sensor/temp;21.68
2025-11-15T23:32:14.434336;lan/sala1/sensor/hum;24.62
2025-11-15T23:32:14.439397;lan/sala1/sensor/temp;22.1
2025-11-15T23:32:16.434642;lan/sala1/sensor/hum;23.08
2025-11-15T23:32:16.439631;lan/sala1/sensor/temp;23.89
2025-11-15T23:32:17.343563;lan/sala2/sensor/temp;23.87
2025-11-15T23:32:17.439957;lan/sala1/sensor/temp;20.18
2025-11-15T23:32:18.435619;lan/sala1/sensor/hum;21.08
2025-11-15T23:32:18.440189;lan/sala1/sensor/temp;21.56
2025-11-15T23:32:20.344083;lan/sala2/sensor/temp;20.3
2025-11-15T23:32:21.344311;lan/sala2/sensor/temp;22.03
2025-11-15T23:32:21.435846;lan/sala1/sensor/hum;24.06
2025-11-15T23:32:21.440409;lan/sala1/sensor/temp;20.33
2025-11-15T23:32:23.344611;lan/sala2/sensor/temp;20.76
2025-11-15T23:32:24.436974;lan/sala1/sensor/hum;22.72
2025-11-15T23:32:24.440865;lan/sala1/sensor/temp;21.55
2025-11-15T23:32:25.344918;lan/sala2/sensor/temp;21.86
2025-11-15T23:32:25.437467;lan/sala1/sensor/hum;21.29
2025-11-15T23:32:25.441200;lan/sala1/sensor/temp;21.93
2025-11-15T23:32:27.345345;lan/sala2/sensor/temp;23.44
2025-11-15T23:32:27.437743;lan/sala1/sensor/hum;21.91
2025-11-15T23:32:27.441723;lan/sala1/sensor/temp;23.41
2025-11-15T23:32:28.345593;lan/sala2/sensor/temp;20.95
2025-11-15T23:32:29.345875;lan/sala2/sensor/temp;20.35
2025-11-15T23:32:29.438511;lan/sala1/sensor/hum;23.68
2025-11-15T23:32:29.442178;lan/sala1/sensor/temp;23.96
2025-11-15T23:32:30.346145;lan/sala2/sensor/temp;22.17
2025-11-15T23:32:30.442452;lan/sala1/sensor/temp;24.66
2025-11-15T23:32:31.443538;lan/sala1/sensor/temp;20.57
2025-11-15T23:32:32.439024;lan/sala1/sensor/hum;24.47
2025-11-15T23:32:32.443944;lan/sala1/sensor/temp;20.31
2025-11-15T23:32:33.346394;lan/sala2/sensor/temp;21.89
2025-11-15T23:32:33.439444;lan/sala1/sensor/hum;24.49
2025-11-15T23:32:33.444445;lan/sala1/sensor/temp;21.84
2025-11-15T23:32:34.347203;lan/sala2/sensor/temp;21.53
2025-11-15T23:32:34.440648;lan/sala1/sensor/hum;23.42
2025-11-15T23:32:35.444802;lan/sala1/sensor/temp;20.25
2025-11-15T23:32:36.347469;lan/sala2/sensor/temp;24.05
2025-11-15T23:32:36.445126;lan/sala1/sensor/temp;20.15
2025-11-15T23:32:37.441394;lan/sala1/sensor/hum;20.33
2025-11-15T23:32:38.445908;lan/sala1/sensor/temp;21.79
2025-11-15T23:32:39.347729;lan/sala2/sensor/temp;22.1
2025-11-15T23:32:40.348575;lan/sala2/sensor/temp;20.84
2025-11-15T23:32:40.441714;lan/sala1/sensor/hum;21.64
2025-11-15T23:32:40.446103;lan/sala1/sensor/temp;20.52
2025-11-15T23:32:41.442114;lan/sala1/sensor/hum;24.92
2025-11-15T23:32:42.349470;lan/sala2/sensor/temp;20.26
2025-11-15T23:32:43.350440;lan/sala2/sensor/temp;24.05
2025-11-15T23:32:43.446402;lan/sala1/sensor/temp;24.12
2025-11-15T23:32:44.442476;lan/sala1/sensor/hum;24.68
2025-11-15T23:32:46.351186;lan/sala2/sensor/temp;22.92
2025-11-15T23:32:46.442811;lan/sala1/sensor/hum;21.26
2025-11-15T23:32:46.446596;lan/sala1/sensor/temp;23.5
2025-11-15T23:32:47.351488;lan/sala2/sensor/temp;24.57
2025-11-15T23:32:47.443727;lan/sala1/sensor/hum;23.84
2025-11-15T23:32:48.446969;lan/sala1/sensor/temp;24.59
2025-11-15T23:32:49.351810;lan/sala2/sensor/temp;23.28
2025-11-15T23:32:49.447282;lan/sala1/sensor/temp;21.69
2025-11-15T23:32:50.444991;lan/sala1/sensor/hum;21.44
2025-11-15T23:32:51.445735;lan/sala1/sensor/hum;20.99
2025-11-15T23:32:51.447711;lan/sala1/sensor/temp;21.11
2025-11-15T23:32:52.352216;lan/sala2/sensor/temp;20.71
2025-11-15T23:32:54.445993;lan/sala1/sensor/hum;22.37
2025-11-15T23:32:54.447963;lan/sala1/sensor/temp;22.94
2025-11-15T23:32:55.352492;lan/sala2/sensor/temp;24.17
2025-11-15T23:32:55.448675;lan/sala1/sensor/temp;23.58
2025-11-15T23:32:56.352766;lan/sala2/sensor/temp;22.35
2025-11-15T23:32:56.449511;lan/sala1/sensor/temp;22.75
2025-11-15T23:32:57.353525;lan/sala2/sensor/temp;20.82
2025-11-15T23:32:57.446981;lan/sala1/sensor/hum;21.95
2025-11-15T23:32:57.449962;lan/sala1/sensor/temp;21.06
2025-11-15T23:32:58.451036;lan/sala1/sensor/temp;24.89
2025-11-15T23:32:59.447219;lan/sala1/sensor/hum;23.4
2025-11-15T23:33:00.353989;lan/sala2/sensor/temp;22.84
2025-11-15T23:33:01.447479;lan/sala1/sensor/hum;24.84
2025-11-15T23:33:01.451215;lan/sala1/sensor/temp;22.08
2025-11-15T23:33:02.448558;lan/sala1/sensor/hum;21.03
2025-11-15T23:33:03.354314;lan/sala2/sensor/temp;22.63
2025-11-15T23:33:04.452140;lan/sala1/sensor/temp;21.4
2025-11-15T23:33:05.449361;lan/sala1/sensor/hum;21.98
2025-11-15T23:33:06.354989;lan/sala2/sensor/temp;21.62
2025-11-15T23:33:06.450168;lan/sala1/sensor/hum;22.61
2025-11-15T23:33:07.452436;lan/sala1/sensor/temp;21.46
2025-11-15T23:33:08.450437;lan/sala1/sensor/hum;24.16
2025-11-15T23:33:09.355969;lan/sala2/sensor/temp;20.59
2025-11-15T23:33:09.453473;lan/sala1/sensor/temp;21.06
2025-11-15T23:33:10.454252;lan/sala1/sensor/temp;21.92
2025-11-15T23:33:11.451340;lan/sala1/sensor/hum;20.36
2025-11-15T23:33:12.357155;lan/sala2/sensor/temp;24.52
2025-11-15T23:33:12.452187;lan/sala1/sensor/hum;23.11
2025-11-15T23:33:12.454642;lan/sala1/sensor/temp;20.39
2025-11-15T23:33:13.455232;lan/sala1/sensor/temp;24.19
2025-11-15T23:33:14.456186;lan/sala1/sensor/temp;22.94
2025-11-15T23:33:15.357434;lan/sala2/sensor/temp;23.62
2025-11-15T23:33:15.452396;lan/sala1/sensor/hum;24.41
2025-11-15T23:33:15.456319;lan/sala1/sensor/temp;24.2
2025-11-15T23:33:16.456606;lan/sala1/sensor/temp;22.66
2025-11-15T23:33:17.358550;lan/sala2/sensor/temp;21.31
2025-11-15T23:33:17.456970;lan/sala1/sensor/temp;23.88
2025-11-15T23:33:18.359472;lan/sala2/sensor/temp;21.06
2025-11-15T23:33:18.453542;lan/sala1/sensor/hum;22.7
2025-11-15T23:33:20.453988;lan/sala1/sensor/hum;23.09
2025-11-15T23:33:20.457140;lan/sala1/sensor/temp;23.71
2025-11-15T23:33:21.359730;lan/sala2/sensor/temp;24.6
2025-11-15T23:33:21.457497;lan/sala1/sensor/temp;20.23
2025-11-15T23:33:22.359974;lan/sala2/sensor/temp;24.82
2025-11-15T23:33:23.454542;lan/sala1/sensor/hum;23.29
2025-11-15T23:33:24.361152;lan/sala2/sensor/temp;22.92
2025-11-15T23:33:24.457729;lan/sala1/sensor/temp;22.25
2025-11-15T23:33:25.458028;lan/sala1/sensor/temp;23.8
2025-11-15T23:33:26.454955;lan/sala1/sensor/hum;22.0
2025-11-15T23:33:26.458188;lan/sala1/sensor/temp;23.9
2025-11-15T23:33:27.361642;lan/sala2/sensor/temp;24.0
2025-11-15T23:33:28.458467;lan/sala1/sensor/temp;20.33
2025-11-15T23:33:29.456129;lan/sala1/sensor/hum;22.22
2025-11-15T23:33:30.362509;lan/sala2/sensor/temp;20.53
2025-11-15T23:33:30.459499;lan/sala1/sensor/temp;20.13
2025-11-15T23:33:32.456392;lan/sala1/sensor/hum;21.69
2025-11-15T23:33:32.460312;lan/sala1/sensor/temp;24.04
2025-11-15T23:33:33.363528;lan/sala2/sensor/temp;23.54
2025-11-15T23:33:33.460608;lan/sala1/sensor/temp;24.74
2025-11-15T23:33:34.363963;lan/sala2/sensor/temp;20.58
2025-11-15T23:33:34.456702;lan/sala1/sensor/hum;22.34
2025-11-15T23:33:35.456987;lan/sala1/sensor/hum;23.48
2025-11-15T23:33:35.460811;lan/sala1/sensor/temp;23.94
2025-11-15T23:33:36.364635;lan/sala2/sensor/temp;20.31
2025-11-15T23:33:36.461626;lan/sala1/sensor/temp;22.6
2025-11-15T23:33:37.364819;lan/sala2/sensor/temp;24.84
2025-11-15T23:33:37.457944;lan/sala1/sensor/hum;21.67
2025-11-15T23:33:38.365195;lan/sala2/sensor/temp;20.66
2025-11-15T23:33:39.462586;lan/sala1/sensor/temp;23.24
2025-11-15T23:33:40.366092;lan/sala2/sensor/temp;22.12
2025-11-15T23:33:40.458212;lan/sala1/sensor/hum;21.43
2025-11-15T23:33:42.366401;lan/sala2/sensor/temp;21.08
2025-11-15T23:33:42.463397;lan/sala1/sensor/temp;21.55
2025-11-15T23:33:43.459482;lan/sala1/sensor/hum;23.42
2025-11-15T23:33:45.366689;lan/sala2/sensor/temp;22.39
2025-11-15T23:33:45.463996;lan/sala1/sensor/temp;20.35
2025-11-15T23:33:46.459748;lan/sala1/sensor/hum;24.81
2025-11-15T23:33:47.367921;lan/sala2/sensor/temp;20.57
2025-11-15T23:33:47.464469;lan/sala1/sensor/temp;22.12
2025-11-15T23:33:48.460012;lan/sala1/sensor/hum;23.33
2025-11-15T23:33:48.464863;lan/sala1/sensor/temp;23.83
2025-11-15T23:33:49.460453;lan/sala1/sensor/hum;23.48
2025-11-15T23:33:49.465934;lan/sala1/sensor/temp;22.84
2025-11-15T23:33:50.369132;lan/sala2/sensor/temp;20.18
2025-11-15T23:33:52.370112;lan/sala2/sensor/temp;24.71
2025-11-15T23:33:52.460736;lan/sala1/sensor/hum;24.93
2025-11-15T23:33:52.466866;lan/sala1/sensor/temp;23.91
2025-11-15T23:33:53.370399;lan/sala2/sensor/temp;21.21
2025-11-15T23:33:53.468019;lan/sala1/sensor/temp;23.36
2025-11-15T23:33:54.371011;lan/sala2/sensor/temp;22.33
2025-11-15T23:33:54.461508;lan/sala1/sensor/hum;23.79
2025-11-15T23:33:56.371866;lan/sala2/sensor/temp;22.73
2025-11-15T23:33:56.461849;lan/sala1/sensor/hum;20.31
2025-11-15T23:33:56.468891;lan/sala1/sensor/temp;20.44
2025-11-15T23:33:59.372195;lan/sala2/sensor/temp;20.47
2025-11-15T23:33:59.462217;lan/sala1/sensor/hum;22.68
2025-11-15T23:33:59.469183;lan/sala1/sensor/temp;23.59
2025-11-15T23:34:00.462484;lan/sala1/sensor/hum;24.93
2025-11-15T23:34:01.469555;lan/sala1/sensor/temp;22.66
2025-11-15T23:34:02.372479;lan/sala2/sensor/temp;22.88
2025-11-15T23:34:02.469874;lan/sala1/sensor/temp;21.83
2025-11-15T23:34:03.462776;lan/sala1/sensor/hum;23.11
2025-11-15T23:34:04.372903;lan/sala2/sensor/temp;23.59
2025-11-15T23:34:05.463500;lan/sala1/sensor/hum;23.87
2025-11-15T23:34:05.470113;lan/sala1/sensor/temp;20.74
2025-11-15T23:34:06.464612;lan/sala1/sensor/hum;21.19
2025-11-15T23:34:07.374041;lan/sala2/sensor/temp;24.56
2025-11-15T23:34:07.465540;lan/sala1/sensor/hum;24.37
2025-11-15T23:34:08.466362;lan/sala1/sensor/hum;20.23
2025-11-15T23:34:08.470301;lan/sala1/sensor/temp;23.84
2025-11-15T23:34:09.374349;lan/sala2/sensor/temp;20.21
2025-11-15T23:34:09.471229;lan/sala1/sensor/temp;22.61
2025-11-15T23:34:10.467363;lan/sala1/sensor/hum;23.32
2025-11-15T23:34:10.472340;lan/sala1/sensor/temp;24.5
2025-11-15T23:34:11.468474;lan/sala1/sensor/hum;20.88
2025-11-15T23:34:11.473360;lan/sala1/sensor/temp;22.1
2025-11-15T23:34:12.375461;lan/sala2/sensor/temp;20.93
2025-11-15T23:34:13.474153;lan/sala1/sensor/temp;22.85
2025-11-15T23:34:14.376579;lan/sala2/sensor/temp;20.82
2025-11-15T23:34:14.469636;lan/sala1/sensor/hum;21.37
2025-11-15T23:34:15.474638;lan/sala1/sensor/temp;20.82
2025-11-15T23:34:16.377077;lan/sala2/sensor/temp;23.84
2025-11-15T23:34:17.470464;lan/sala1/sensor/hum;24.93
2025-11-15T23:34:17.474947;lan/sala1/sensor/temp;24.79
2025-11-15T23:34:18.377359;lan/sala2/sensor/temp;24.78
2025-11-15T23:34:18.470950;lan/sala1/sensor/hum;24.91
2025-11-15T23:34:19.476068;lan/sala1/sensor/temp;20.6
2025-11-15T23:34:20.378442;lan/sala2/sensor/temp;23.06
2025-11-15T23:34:20.476913;lan/sala1/sensor/temp;22.04
2025-11-15T23:34:21.471938;lan/sala1/sensor/hum;22.43
2025-11-15T23:34:22.477224;lan/sala1/sensor/temp;22.53
2025-11-15T23:34:23.379528;lan/sala2/sensor/temp;23.29
2025-11-15T23:34:23.477610;lan/sala1/sensor/temp;21.48
2025-11-15T23:34:24.379766;lan/sala2/sensor/temp;24.57
2025-11-15T23:34:24.472576;lan/sala1/sensor/hum;22.51
2025-11-15T23:34:24.477801;lan/sala1/sensor/temp;23.57
2025-11-15T23:34:26.478437;lan/sala1/sensor/temp;21.91
2025-11-15T23:34:27.380031;lan/sala2/sensor/temp;24.86
2025-11-15T23:34:27.472820;lan/sala1/sensor/hum;23.88
2025-11-15T23:34:29.479120;lan/sala1/sensor/temp;23.61
2025-11-15T23:34:30.380306;lan/sala2/sensor/temp;21.98
2025-11-15T23:34:30.473679;lan/sala1/sensor/hum;24.26
2025-11-15T23:34:30.479372;lan/sala1/sensor/temp;20.05
2025-11-15T23:34:32.479929;lan/sala1/sensor/temp;21.34
2025-11-15T23:34:33.380586;lan/sala2/sensor/temp;24.97
2025-11-15T23:34:33.474593;lan/sala1/sensor/hum;20.83
2025-11-15T23:34:34.381490;lan/sala2/sensor/temp;24.45
2025-11-15T23:34:34.474879;lan/sala1/sensor/hum;24.74
2025-11-15T23:34:35.476064;lan/sala1/sensor/hum;22.35
2025-11-15T23:34:35.480194;lan/sala1/sensor/temp;23.22
2025-11-15T23:34:37.382114;lan/sala2/sensor/temp;21.27
2025-11-15T23:34:37.476350;lan/sala1/sensor/hum;24.74
2025-11-15T23:34:37.481337;lan/sala1/sensor/temp;21.53
2025-11-15T23:34:40.382953;lan/sala2/sensor/temp;22.49
2025-11-15T23:34:40.476578;lan/sala1/sensor/hum;21.96
2025-11-15T23:34:40.481605;lan/sala1/sensor/temp;22.74
2025-11-15T23:34:42.383887;lan/sala2/sensor/temp;23.72
2025-11-15T23:34:42.477062;lan/sala1/sensor/hum;21.41
2025-11-15T23:34:43.478121;lan/sala1/sensor/hum;21.14
2025-11-15T23:34:43.482071;lan/sala1/sensor/temp;20.32
2025-11-15T23:34:44.384288;lan/sala2/sensor/temp;22.95
2025-11-15T23:34:44.478403;lan/sala1/sensor/hum;24.77
2025-11-15T23:34:45.478896;lan/sala1/sensor/hum;20.51
2025-11-15T23:34:46.479989;lan/sala1/sensor/hum;21.5
2025-11-15T23:34:46.482836;lan/sala1/sensor/temp;22.76
2025-11-15T23:34:47.385221;lan/sala2/sensor/temp;24.6
2025-11-15T23:34:47.480498;lan/sala1/sensor/hum;21.06
2025-11-15T23:34:48.481161;lan/sala1/sensor/hum;21.05
2025-11-15T23:34:49.386548;lan/sala2/sensor/temp;22.22
2025-11-15T23:34:49.482466;lan/sala1/sensor/hum;23.77
2025-11-15T23:34:49.483580;lan/sala1/sensor/temp;22.89
2025-11-15T23:34:51.386806;lan/sala2/sensor/temp;21.5
2025-11-15T23:34:51.484606;lan/sala1/sensor/temp;23.33
2025-11-15T23:34:52.483229;lan/sala1/sensor/hum;21.96
2025-11-15T23:34:54.387967;lan/sala2/sensor/temp;20.71
2025-11-15T23:34:54.483945;lan/sala1/sensor/hum;24.07
2025-11-15T23:34:54.484810;lan/sala1/sensor/temp;22.54
2025-11-15T23:34:56.484900;lan/sala1/sensor/hum;21.57
2025-11-15T23:34:56.485742;lan/sala1/sensor/temp;21.03
2025-11-15T23:34:57.388227;lan/sala2/sensor/temp;21.26
2025-11-15T23:34:57.485882;lan/sala1/sensor/temp;20.04
2025-11-15T23:34:58.485528;lan/sala1/sensor/hum;24.43
2025-11-15T23:34:59.389370;lan/sala2/sensor/temp;24.16
2025-11-15T23:35:00.486887;lan/sala1/sensor/temp;23.41
2025-11-15T23:35:01.389623;lan/sala2/sensor/temp;24.03
2025-11-15T23:35:01.486756;lan/sala1/sensor/hum;24.74
2025-11-15T23:35:01.488043;lan/sala1/sensor/temp;21.72
2025-11-15T23:35:03.389874;lan/sala2/sensor/temp;20.6
2025-11-15T23:35:03.486993;lan/sala1/sensor/hum;21.09
2025-11-15T23:35:03.488985;lan/sala1/sensor/temp;23.03
2025-11-15T23:35:05.390114;lan/sala2/sensor/temp;24.14
2025-11-15T23:35:05.487848;lan/sala1/sensor/hum;24.41
2025-11-15T23:35:06.489526;lan/sala1/sensor/temp;21.81
2025-11-15T23:35:07.488106;lan/sala1/sensor/hum;22.43
2025-11-15T23:35:07.490072;lan/sala1/sensor/temp;22.45
2025-11-15T23:35:08.390368;lan/sala2/sensor/temp;23.06
2025-11-15T23:35:08.488378;lan/sala1/sensor/hum;20.12
2025-11-15T23:35:08.490290;lan/sala1/sensor/temp;23.71
2025-11-15T23:35:10.490579;lan/sala1/sensor/temp;21.88
2025-11-15T23:35:11.391526;lan/sala2/sensor/temp;24.78
2025-11-15T23:35:11.488832;lan/sala1/sensor/hum;24.55
2025-11-15T23:35:12.489143;lan/sala1/sensor/hum;24.82
2025-11-15T23:35:12.491029;lan/sala1/sensor/temp;21.29
2025-11-15T23:35:14.391923;lan/sala2/sensor/temp;22.38
2025-11-15T23:35:14.491785;lan/sala1/sensor/temp;22.48
2025-11-15T23:35:15.489472;lan/sala1/sensor/hum;24.14
2025-11-15T23:35:16.492893;lan/sala1/sensor/temp;23.82
2025-11-15T23:35:17.392888;lan/sala2/sensor/temp;24.02
2025-11-15T23:35:17.490284;lan/sala1/sensor/hum;20.06
2025-11-15T23:35:19.393613;lan/sala2/sensor/temp;21.1
2025-11-15T23:35:19.490580;lan/sala1/sensor/hum;23.21
2025-11-15T23:35:19.493485;lan/sala1/sensor/temp;21.73
2025-11-15T23:35:20.394368;lan/sala2/sensor/temp;21.18
2025-11-15T23:35:22.395479;lan/sala2/sensor/temp;20.53
2025-11-15T23:35:22.490817;lan/sala1/sensor/hum;21.09
2025-11-15T23:35:22.493785;lan/sala1/sensor/temp;24.12
2025-11-15T23:35:23.491456;lan/sala1/sensor/hum;21.18
2025-11-15T23:35:24.396180;lan/sala2/sensor/temp;22.35
2025-11-15T23:35:24.494454;lan/sala1/sensor/temp;23.29
2025-11-15T23:35:25.396990;lan/sala2/sensor/temp;20.77
2025-11-15T23:35:26.492549;lan/sala1/sensor/hum;21.08
2025-11-15T23:35:27.397231;lan/sala2/sensor/temp;22.8
2025-11-15T23:35:27.494888;lan/sala1/sensor/temp;23.32
2025-11-15T23:35:28.397985;lan/sala2/sensor/temp;23.93
2025-11-15T23:35:28.492807;lan/sala1/sensor/hum;20.49
2025-11-15T23:35:29.398570;lan/sala2/sensor/temp;23.08
2025-11-15T23:35:29.496047;lan/sala1/sensor/temp;20.99
2025-11-15T23:35:30.493277;lan/sala1/sensor/hum;23.46
2025-11-15T23:35:30.497415;lan/sala1/sensor/temp;22.6
2025-11-15T23:35:31.399673;lan/sala2/sensor/temp;24.83
2025-11-15T23:35:32.493859;lan/sala1/sensor/hum;23.06
2025-11-15T23:35:33.399935;lan/sala2/sensor/temp;22.58
2025-11-15T23:35:33.497666;lan/sala1/sensor/temp;23.13
2025-11-15T23:35:34.400209;lan/sala2/sensor/temp;20.38
2025-11-15T23:35:34.498385;lan/sala1/sensor/temp;23.46
2025-11-15T23:35:35.401459;lan/sala2/sensor/temp;21.81
2025-11-15T23:35:35.494093;lan/sala1/sensor/hum;24.29
2025-11-15T23:35:36.494839;lan/sala1/sensor/hum;23.66
2025-11-15T23:35:37.401676;lan/sala2/sensor/temp;23.04
2025-11-15T23:35:37.495675;lan/sala1/sensor/hum;22.69
2025-11-15T23:35:37.499408;lan/sala1/sensor/temp;21.73
2025-11-15T23:35:40.402211;lan/sala2/sensor/temp;22.55
2025-11-15T23:35:40.495976;lan/sala1/sensor/hum;23.39
2025-11-15T23:35:40.499871;lan/sala1/sensor/temp;23.3
2025-11-15T23:35:42.496239;lan/sala1/sensor/hum;20.03
2025-11-15T23:35:42.500191;lan/sala1/sensor/temp;24.54
2025-11-15T23:35:43.403454;lan/sala2/sensor/temp;20.69
2025-11-15T23:35:44.501418;lan/sala1/sensor/temp;22.73
2025-11-15T23:35:45.404514;lan/sala2/sensor/temp;24.54
2025-11-15T23:35:45.496503;lan/sala1/sensor/hum;22.73
2025-11-15T23:35:47.404739;lan/sala2/sensor/temp;24.21
2025-11-15T23:35:47.501769;lan/sala1/sensor/temp;21.46
2025-11-15T23:35:48.496789;lan/sala1/sensor/hum;20.51
2025-11-15T23:35:49.497298;lan/sala1/sensor/hum;23.1
2025-11-15T23:35:49.502128;lan/sala1/sensor/temp;20.11
2025-11-15T23:35:50.405463;lan/sala2/sensor/temp;21.73
2025-11-15T23:35:50.497583;lan/sala1/sensor/hum;23.17
2025-11-15T23:35:51.502459;lan/sala1/sensor/temp;22.78
2025-11-15T23:35:53.405840;lan/sala2/sensor/temp;21.17
2025-11-15T23:35:53.498424;lan/sala1/sensor/hum;20.94
2025-11-15T23:35:54.502729;lan/sala1/sensor/temp;22.63
2025-11-15T23:35:56.406352;lan/sala2/sensor/temp;20.1
2025-11-15T23:35:56.498816;lan/sala1/sensor/hum;22.19
2025-11-15T23:35:57.499513;lan/sala1/sensor/hum;24.37
2025-11-15T23:35:57.503587;lan/sala1/sensor/temp;22.79
2025-11-15T23:35:58.504425;lan/sala1/sensor/temp;23.45
2025-11-15T23:35:59.407361;lan/sala2/sensor/temp;23.73
2025-11-15T23:35:59.505391;lan/sala1/sensor/temp;20.31
2025-11-15T23:36:00.499725;lan/sala1/sensor/hum;20.32
2025-11-15T23:36:00.505604;lan/sala1/sensor/temp;23.25
2025-11-15T23:36:02.408389;lan/sala2/sensor/temp;22.97
2025-11-15T23:36:02.500022;lan/sala1/sensor/hum;21.92
2025-11-15T23:36:02.505818;lan/sala1/sensor/temp;21.89
2025-11-15T23:36:03.409021;lan/sala2/sensor/temp;20.4
2025-11-15T23:36:03.501119;lan/sala1/sensor/hum;21.69
2025-11-15T23:36:05.409468;lan/sala2/sensor/temp;22.96
2025-11-15T23:36:05.502026;lan/sala1/sensor/hum;23.34
2025-11-15T23:36:05.506940;lan/sala1/sensor/temp;24.51
2025-11-15T23:36:06.409812;lan/sala2/sensor/temp;24.92
2025-11-15T23:36:06.502276;lan/sala1/sensor/hum;22.47
2025-11-15T23:36:07.507235;lan/sala1/sensor/temp;20.09
2025-11-15T23:36:08.410076;lan/sala2/sensor/temp;24.02
2025-11-15T23:36:09.503467;lan/sala1/sensor/hum;23.13
2025-11-15T23:36:10.504695;lan/sala1/sensor/hum;23.2
2025-11-15T23:36:10.508469;lan/sala1/sensor/temp;20.06
2025-11-15T23:36:11.410347;lan/sala2/sensor/temp;21.95
2025-11-15T23:36:11.508852;lan/sala1/sensor/temp;22.06
2025-11-15T23:36:12.509508;lan/sala1/sensor/temp;24.55
2025-11-15T23:36:13.505095;lan/sala1/sensor/hum;23.08
2025-11-15T23:36:14.411491;lan/sala2/sensor/temp;23.02
2025-11-15T23:36:14.506161;lan/sala1/sensor/hum;24.33
2025-11-15T23:36:15.412467;lan/sala2/sensor/temp;20.05
2025-11-15T23:36:15.506395;lan/sala1/sensor/hum;22.49
2025-11-15T23:36:15.510364;lan/sala1/sensor/temp;23.34
2025-11-15T23:36:16.506661;lan/sala1/sensor/hum;20.3
2025-11-15T23:36:16.510562;lan/sala1/sensor/temp;24.52
2025-11-15T23:36:17.413579;lan/sala2/sensor/temp;24.2
2025-11-15T23:36:18.413844;lan/sala2/sensor/temp;24.16
2025-11-15T23:36:18.507800;lan/sala1/sensor/hum;22.76
2025-11-15T23:36:18.510735;lan/sala1/sensor/temp;21.05
2025-11-15T23:36:19.414095;lan/sala2/sensor/temp;23.85
2025-11-15T23:36:20.508072;lan/sala1/sensor/hum;21.64
2025-11-15T23:36:20.511103;lan/sala1/sensor/temp;24.31
2025-11-15T23:36:22.414374;lan/sala2/sensor/temp;22.84
2025-11-15T23:36:22.509141;lan/sala1/sensor/hum;21.73
2025-11-15T23:36:23.414795;lan/sala2/sensor/temp;23.52
2025-11-15T23:36:23.509469;lan/sala1/sensor/hum;23.12
2025-11-15T23:36:23.511410;lan/sala1/sensor/temp;24.99
2025-11-15T23:36:26.415260;lan/sala2/sensor/temp;23.34
2025-11-15T23:36:26.510348;lan/sala1/sensor/hum;24.16
2025-11-15T23:36:26.512352;lan/sala1/sensor/temp;22.69
2025-11-15T23:36:27.415771;lan/sala2/sensor/temp;22.73
2025-11-15T23:36:28.416011;lan/sala2/sensor/temp;23.99
2025-11-15T23:36:28.511332;lan/sala1/sensor/hum;24.4
2025-11-15T23:36:29.416782;lan/sala2/sensor/temp;22.36
2025-11-15T23:36:29.513436;lan/sala1/sensor/temp;23.68
2025-11-15T23:36:31.417948;lan/sala2/sensor/temp;21.54
2025-11-15T23:36:31.511877;lan/sala1/sensor/hum;21.75
2025-11-15T23:36:31.513765;lan/sala1/sensor/temp;21.03
2025-11-15T23:36:33.512140;lan/sala1/sensor/hum;22.75
2025-11-15T23:36:33.514812;lan/sala1/sensor/temp;23.26
2025-11-15T23:36:34.418555;lan/sala2/sensor/temp;21.2
2025-11-15T23:36:34.515998;lan/sala1/sensor/temp;24.9
2025-11-15T23:36:35.516252;lan/sala1/sensor/temp;23.21
2025-11-15T23:36:36.419475;lan/sala2/sensor/temp;24.77
2025-11-15T23:36:36.512472;lan/sala1/sensor/hum;23.76
2025-11-15T23:36:37.512729;lan/sala1/sensor/hum;22.38
2025-11-15T23:36:37.517292;lan/sala1/sensor/temp;21.34
2025-11-15T23:36:39.419759;lan/sala2/sensor/temp;20.02
2025-11-15T23:36:39.513064;lan/sala1/sensor/hum;24.11
2025-11-15T23:36:39.518043;lan/sala1/sensor/temp;24.85
2025-11-15T23:36:41.513386;lan/sala1/sensor/hum;24.18
2025-11-15T23:36:41.518311;lan/sala1/sensor/temp;23.88
2025-11-15T23:36:42.420007;lan/sala2/sensor/temp;21.71
2025-11-15T23:36:43.513773;lan/sala1/sensor/hum;23.5
2025-11-15T23:36:44.514250;lan/sala1/sensor/hum;22.73
2025-11-15T23:36:44.519387;lan/sala1/sensor/temp;22.38
2025-11-15T23:36:45.420290;lan/sala2/sensor/temp;22.85
2025-11-15T23:36:46.514534;lan/sala1/sensor/hum;22.81
2025-11-15T23:36:46.519550;lan/sala1/sensor/temp;21.53
2025-11-15T23:36:47.514762;lan/sala1/sensor/hum;22.47
2025-11-15T23:36:48.420922;lan/sala2/sensor/temp;20.52
2025-11-15T23:36:48.520789;lan/sala1/sensor/temp;22.22
2025-11-15T23:36:49.521441;lan/sala1/sensor/temp;20.53
2025-11-15T23:36:50.515727;lan/sala1/sensor/hum;20.54
2025-11-15T23:36:51.421441;lan/sala2/sensor/temp;24.26
2025-11-15T23:36:51.521962;lan/sala1/sensor/temp;21.52
2025-11-15T23:36:52.422225;lan/sala2/sensor/temp;21.93
2025-11-15T23:36:53.516017;lan/sala1/sensor/hum;23.21
2025-11-15T23:36:53.522349;lan/sala1/sensor/temp;22.1
2025-11-15T23:36:55.422622;lan/sala2/sensor/temp;24.82
2025-11-15T23:36:55.523559;lan/sala1/sensor/temp;24.88
2025-11-15T23:36:56.516662;lan/sala1/sensor/hum;21.65
2025-11-15T23:36:57.423389;lan/sala2/sensor/temp;24.32
2025-11-15T23:36:58.524622;lan/sala1/sensor/temp;20.72
2025-11-15T23:36:59.516909;lan/sala1/sensor/hum;23.59
2025-11-15T23:37:00.423752;lan/sala2/sensor/temp;21.46
2025-11-15T23:37:00.517175;lan/sala1/sensor/hum;21.67
2025-11-15T23:37:01.517439;lan/sala1/sensor/hum;21.4
2025-11-15T23:37:01.525736;lan/sala1/sensor/temp;22.57
2025-11-15T23:37:03.424331;lan/sala2/sensor/temp;22.95
2025-11-15T23:37:03.517710;lan/sala1/sensor/hum;23.17
2025-11-15T23:37:04.424701;lan/sala2/sensor/temp;21.84
2025-11-15T23:37:04.525984;lan/sala1/sensor/temp;24.88
2025-11-15T23:37:05.425933;lan/sala2/sensor/temp;20.62
2025-11-15T23:37:06.426289;lan/sala2/sensor/temp;23.95
2025-11-15T23:37:06.518296;lan/sala1/sensor/hum;23.09
2025-11-15T23:37:07.526279;lan/sala1/sensor/temp;24.83
2025-11-15T23:37:09.426549;lan/sala2/sensor/temp;22.55
2025-11-15T23:37:09.519453;lan/sala1/sensor/hum;21.02
2025-11-15T23:37:10.519690;lan/sala1/sensor/hum;20.32
2025-11-15T23:37:10.526499;lan/sala1/sensor/temp;22.19
2025-11-15T23:37:11.527352;lan/sala1/sensor/temp;20.17
2025-11-15T23:37:12.427751;lan/sala2/sensor/temp;21.35
2025-11-15T23:37:13.520001;lan/sala1/sensor/hum;23.38
2025-11-15T23:37:14.520262;lan/sala1/sensor/hum;21.3
2025-11-15T23:37:14.528602;lan/sala1/sensor/temp;20.81
2025-11-15T23:37:15.428005;lan/sala2/sensor/temp;22.51
2025-11-15T23:37:15.529518;lan/sala1/sensor/temp;24.08
2025-11-15T23:37:16.520980;lan/sala1/sensor/hum;21.88
2025-11-15T23:37:17.428290;lan/sala2/sensor/temp;23.72
2025-11-15T23:37:18.428955;lan/sala2/sensor/temp;21.92
2025-11-15T23:37:18.529836;lan/sala1/sensor/temp;23.63
2025-11-15T23:37:19.521298;lan/sala1/sensor/hum;21.86
2025-11-15T23:37:20.521895;lan/sala1/sensor/hum;24.44
2025-11-15T23:37:20.530462;lan/sala1/sensor/temp;20.13
2025-11-15T23:37:21.430360;lan/sala2/sensor/temp;23.16
2025-11-15T23:37:23.430633;lan/sala2/sensor/temp;22.04
2025-11-15T23:37:23.522135;lan/sala1/sensor/hum;21.25
2025-11-15T23:37:23.530682;lan/sala1/sensor/temp;24.67
2025-11-15T23:37:24.430874;lan/sala2/sensor/temp;23.23
2025-11-15T23:37:25.522415;lan/sala1/sensor/hum;22.33
2025-11-15T23:37:26.531517;lan/sala1/sensor/temp;24.45
2025-11-15T23:37:27.431530;lan/sala2/sensor/temp;20.45
2025-11-15T23:37:27.532076;lan/sala1/sensor/temp;22.33
2025-11-15T23:37:28.432532;lan/sala2/sensor/temp;22.83
2025-11-15T23:37:28.523235;lan/sala1/sensor/hum;20.76
2025-11-15T23:37:30.523991;lan/sala1/sensor/hum;21.16
2025-11-15T23:37:30.532388;lan/sala1/sensor/temp;23.7
2025-11-15T23:37:31.433731;lan/sala2/sensor/temp;24.02
2025-11-15T23:37:32.533566;lan/sala1/sensor/temp;24.62
2025-11-15T23:37:33.524311;lan/sala1/sensor/hum;20.02
2025-11-15T23:37:33.534192;lan/sala1/sensor/temp;21.2
2025-11-15T23:37:34.434222;lan/sala2/sensor/temp;21.5
2025-11-15T23:37:34.524814;lan/sala1/sensor/hum;22.69
2025-11-15T23:37:34.534623;lan/sala1/sensor/temp;24.75
2025-11-15T23:37:37.434749;lan/sala2/sensor/temp;23.82
2025-11-15T23:37:37.525805;lan/sala1/sensor/hum;22.94
2025-11-15T23:37:37.535705;lan/sala1/sensor/temp;23.64
2025-11-15T23:37:38.435922;lan/sala2/sensor/temp;23.99
2025-11-15T23:37:39.436161;lan/sala2/sensor/temp;20.75
2025-11-15T23:37:39.536146;lan/sala1/sensor/temp;20.28
2025-11-15T23:37:40.526856;lan/sala1/sensor/hum;22.24
2025-11-15T23:37:40.536358;lan/sala1/sensor/temp;23.14
2025-11-15T23:37:41.527123;lan/sala1/sensor/hum;20.49
2025-11-15T23:37:41.536585;lan/sala1/sensor/temp;23.98
2025-11-15T23:37:42.437180;lan/sala2/sensor/temp;20.95
2025-11-15T23:37:42.536904;lan/sala1/sensor/temp;23.36
2025-11-15T23:37:43.437899;lan/sala2/sensor/temp;21.84
2025-11-15T23:37:43.527379;lan/sala1/sensor/hum;23.25
2025-11-15T23:37:43.537316;lan/sala1/sensor/temp;24.89
2025-11-15T23:37:44.438162;lan/sala2/sensor/temp;20.25
2025-11-15T23:37:44.527652;lan/sala1/sensor/hum;22.67
2025-11-15T23:37:44.537513;lan/sala1/sensor/temp;22.75
2025-11-15T23:37:45.438697;lan/sala2/sensor/temp;21.16
2025-11-15T23:37:45.527926;lan/sala1/sensor/hum;21.18
2025-11-15T23:37:45.537725;lan/sala1/sensor/temp;21.82
2025-11-15T23:37:46.528180;lan/sala1/sensor/hum;24.15
2025-11-15T23:37:46.537963;lan/sala1/sensor/temp;22.84
2025-11-15T23:37:47.439713;lan/sala2/sensor/temp;21.15
2025-11-15T23:37:48.439972;lan/sala2/sensor/temp;22.96
2025-11-15T23:37:48.528731;lan/sala1/sensor/hum;24.77
2025-11-15T23:37:48.538657;lan/sala1/sensor/temp;20.08
2025-11-15T23:37:49.529277;lan/sala1/sensor/hum;21.44
2025-11-15T23:37:50.440528;lan/sala2/sensor/temp;23.04
2025-11-15T23:37:50.531284;lan/sala1/sensor/hum;21.42
2025-11-15T23:37:51.539268;lan/sala1/sensor/temp;20.33
2025-11-15T23:37:52.441506;lan/sala2/sensor/temp;20.46
2025-11-15T23:37:52.539620;lan/sala1/sensor/temp;21.43
2025-11-15T23:37:53.442036;lan/sala2/sensor/temp;20.26
2025-11-15T23:37:53.533207;lan/sala1/sensor/hum;24.08
2025-11-15T23:37:54.442669;lan/sala2/sensor/temp;23.4
2025-11-15T23:37:54.534603;lan/sala1/sensor/hum;20.53
2025-11-15T23:37:54.540852;lan/sala1/sensor/temp;23.36
2025-11-15T23:37:55.535219;lan/sala1/sensor/hum;22.93
2025-11-15T23:37:57.443234;lan/sala2/sensor/temp;21.8
2025-11-15T23:37:57.541585;lan/sala1/sensor/temp;20.68
2025-11-15T23:37:58.536367;lan/sala1/sensor/hum;20.54
2025-11-15T23:37:59.443853;lan/sala2/sensor/temp;23.65
2025-11-15T23:37:59.536639;lan/sala1/sensor/hum;21.8
2025-11-15T23:37:59.542578;lan/sala1/sensor/temp;23.25
2025-11-15T23:38:00.536911;lan/sala1/sensor/hum;22.21
2025-11-15T23:38:00.543807;lan/sala1/sensor/temp;22.4
2025-11-15T23:38:01.444701;lan/sala2/sensor/temp;22.03
2025-11-15T23:38:02.544389;lan/sala1/sensor/temp;24.41
2025-11-15T23:38:03.445855;lan/sala2/sensor/temp;23.2
2025-11-15T23:38:03.537191;lan/sala1/sensor/hum;20.21
2025-11-15T23:38:03.544659;lan/sala1/sensor/temp;24.75
2025-11-15T23:38:04.446534;lan/sala2/sensor/temp;21.88
2025-11-15T23:38:04.545905;lan/sala1/sensor/temp;24.88
2025-11-15T23:38:05.537477;lan/sala1/sensor/hum;22.13
2025-11-15T23:38:06.538708;lan/sala1/sensor/hum;22.19
2025-11-15T23:38:06.546593;lan/sala1/sensor/temp;23.23
2025-11-15T23:38:07.447286;lan/sala2/sensor/temp;20.8
2025-11-15T23:38:09.539475;lan/sala1/sensor/hum;22.39
2025-11-15T23:38:09.546813;lan/sala1/sensor/temp;22.85
2025-11-15T23:38:10.447559;lan/sala2/sensor/temp;24.41
2025-11-15T23:38:10.539733;lan/sala1/sensor/hum;24.9
2025-11-15T23:38:10.547717;lan/sala1/sensor/temp;20.34
2025-11-15T23:38:12.540685;lan/sala1/sensor/hum;22.83
2025-11-15T23:38:13.447830;lan/sala2/sensor/temp;24.28
2025-11-15T23:38:13.548267;lan/sala1/sensor/temp;22.67
2025-11-15T23:38:14.540947;lan/sala1/sensor/hum;22.46
2025-11-15T23:38:14.549470;lan/sala1/sensor/temp;23.51
2025-11-15T23:38:15.541693;lan/sala1/sensor/hum;23.98
2025-11-15T23:38:16.448094;lan/sala2/sensor/temp;24.2
2025-11-15T23:38:16.541986;lan/sala1/sensor/hum;23.72
2025-11-15T23:38:17.448332;lan/sala2/sensor/temp;22.37
2025-11-15T23:38:17.543121;lan/sala1/sensor/hum;23.32
2025-11-15T23:38:17.549712;lan/sala1/sensor/temp;23.26
2025-11-15T23:38:18.550256;lan/sala1/sensor/temp;21.16
2025-11-15T23:38:19.449218;lan/sala2/sensor/temp;21.98
2025-11-15T23:38:20.450220;lan/sala2/sensor/temp;20.04
2025-11-15T23:38:20.543736;lan/sala1/sensor/hum;24.67
2025-11-15T23:38:21.551082;lan/sala1/sensor/temp;23.56
2025-11-15T23:38:22.451278;lan/sala2/sensor/temp;22.86
2025-11-15T23:38:23.451682;lan/sala2/sensor/temp;24.41
2025-11-15T23:38:23.544639;lan/sala1/sensor/hum;23.42
2025-11-15T23:38:24.551669;lan/sala1/sensor/temp;21.8
2025-11-15T23:38:26.451921;lan/sala2/sensor/temp;20.82
2025-11-15T23:38:26.545345;lan/sala1/sensor/hum;21.5
2025-11-15T23:38:27.552148;lan/sala1/sensor/temp;24.89
2025-11-15T23:38:29.452181;lan/sala2/sensor/temp;24.35
2025-11-15T23:38:29.546404;lan/sala1/sensor/hum;24.64
2025-11-15T23:38:30.547541;lan/sala1/sensor/hum;20.91
2025-11-15T23:38:30.553223;lan/sala1/sensor/temp;21.41
2025-11-15T23:38:31.452516;lan/sala2/sensor/temp;24.85
2025-11-15T23:38:31.553700;lan/sala1/sensor/temp;23.26
2025-11-15T23:38:32.453814;lan/sala2/sensor/temp;24.72
2025-11-15T23:38:33.548816;lan/sala1/sensor/hum;22.29
2025-11-15T23:38:33.554825;lan/sala1/sensor/temp;20.17
2025-11-15T23:38:34.454097;lan/sala2/sensor/temp;21.56
2025-11-15T23:38:34.555884;lan/sala1/sensor/temp;22.78
2025-11-15T23:38:35.454398;lan/sala2/sensor/temp;21.8
2025-11-15T23:38:35.549110;lan/sala1/sensor/hum;21.6
2025-11-15T23:38:35.556040;lan/sala1/sensor/temp;22.8
2025-11-15T23:38:36.549460;lan/sala1/sensor/hum;23.6
2025-11-15T23:38:37.556326;lan/sala1/sensor/temp;22.5
2025-11-15T23:38:38.455488;lan/sala2/sensor/temp;24.81
2025-11-15T23:38:38.549705;lan/sala1/sensor/hum;20.58
2025-11-15T23:38:39.556564;lan/sala1/sensor/temp;23.3
2025-11-15T23:38:40.455795;lan/sala2/sensor/temp;22.69
2025-11-15T23:38:41.549956;lan/sala1/sensor/hum;23.78
2025-11-15T23:38:41.557748;lan/sala1/sensor/temp;24.82
2025-11-15T23:38:42.456753;lan/sala2/sensor/temp;20.91
2025-11-15T23:38:43.558047;lan/sala1/sensor/temp;21.83
2025-11-15T23:38:44.550639;lan/sala1/sensor/hum;20.02
2025-11-15T23:38:45.456987;lan/sala2/sensor/temp;22.44
2025-11-15T23:38:45.551160;lan/sala1/sensor/hum;22.18
2025-11-15T23:38:46.551505;lan/sala1/sensor/hum;24.96
2025-11-15T23:38:46.558641;lan/sala1/sensor/temp;24.74
2025-11-15T23:38:47.552489;lan/sala1/sensor/hum;23.03
2025-11-15T23:38:47.559428;lan/sala1/sensor/temp;20.05
2025-11-15T23:38:48.457276;lan/sala2/sensor/temp;21.7
2025-11-15T23:38:49.457533;lan/sala2/sensor/temp;22.29
2025-11-15T23:38:49.553148;lan/sala1/sensor/hum;21.05
2025-11-15T23:38:50.560647;lan/sala1/sensor/temp;20.14
2025-11-15T23:38:51.553665;lan/sala1/sensor/hum;22.09
2025-11-15T23:38:52.458274;lan/sala2/sensor/temp;24.8
2025-11-15T23:38:53.561642;lan/sala1/sensor/temp;22.94
2025-11-15T23:38:54.459065;lan/sala2/sensor/temp;23.01
2025-11-15T23:38:54.554062;lan/sala1/sensor/hum;21.07
2025-11-15T23:38:55.459638;lan/sala2/sensor/temp;24.41
2025-11-15T23:38:55.555009;lan/sala1/sensor/hum;21.56
2025-11-15T23:38:56.460946;lan/sala2/sensor/temp;22.78
2025-11-15T23:38:56.555265;lan/sala1/sensor/hum;24.51
2025-11-15T23:38:56.562164;lan/sala1/sensor/temp;22.67
2025-11-15T23:38:58.461526;lan/sala2/sensor/temp;24.19
2025-11-15T23:38:58.555514;lan/sala1/sensor/hum;24.4
2025-11-15T23:38:58.562541;lan/sala1/sensor/temp;23.97
2025-11-15T23:38:59.556636;lan/sala1/sensor/hum;20.61
2025-11-15T23:39:00.556905;lan/sala1/sensor/hum;22.69
2025-11-15T23:39:01.461789;lan/sala2/sensor/temp;23.47
2025-11-15T23:39:01.563062;lan/sala1/sensor/temp;24.44
2025-11-15T23:39:02.462857;lan/sala2/sensor/temp;20.14
2025-11-15T23:39:02.563424;lan/sala1/sensor/temp;21.58
2025-11-15T23:39:03.463280;lan/sala2/sensor/temp;20.6
2025-11-15T23:39:03.557181;lan/sala1/sensor/hum;21.08
2025-11-15T23:39:03.563820;lan/sala1/sensor/temp;24.27
2025-11-15T23:39:04.463829;lan/sala2/sensor/temp;20.29
2025-11-15T23:39:04.564637;lan/sala1/sensor/temp;23.24
2025-11-15T23:39:05.557429;lan/sala1/sensor/hum;23.96
2025-11-15T23:39:05.565749;lan/sala1/sensor/temp;24.63
2025-11-15T23:39:06.464584;lan/sala2/sensor/temp;24.91
2025-11-15T23:39:06.566065;lan/sala1/sensor/temp;21.07
2025-11-15T23:39:07.558618;lan/sala1/sensor/hum;21.1
2025-11-15T23:39:08.465797;lan/sala2/sensor/temp;21.86
2025-11-15T23:39:08.559468;lan/sala1/sensor/hum;21.19
2025-11-15T23:39:08.566274;lan/sala1/sensor/temp;20.78
2025-11-15T23:39:09.466099;lan/sala2/sensor/temp;21.29
2025-11-15T23:39:09.559737;lan/sala1/sensor/hum;24.43
2025-11-15T23:39:10.466422;lan/sala2/sensor/temp;24.03
2025-11-15T23:39:11.466683;lan/sala2/sensor/temp;23.73
2025-11-15T23:39:11.560064;lan/sala1/sensor/hum;24.1
2025-11-15T23:39:11.566459;lan/sala1/sensor/temp;22.7
2025-11-15T23:39:13.467905;lan/sala2/sensor/temp;23.31
2025-11-15T23:39:13.561215;lan/sala1/sensor/hum;24.49
2025-11-15T23:39:13.566667;lan/sala1/sensor/temp;22.08
2025-11-15T23:39:14.561758;lan/sala1/sensor/hum;24.08
2025-11-15T23:39:16.469143;lan/sala2/sensor/temp;23.51
2025-11-15T23:39:16.567205;lan/sala1/sensor/temp;24.71
2025-11-15T23:39:17.562212;lan/sala1/sensor/hum;21.83
2025-11-15T23:39:18.469476;lan/sala2/sensor/temp;21.46
2025-11-15T23:39:19.469769;lan/sala2/sensor/temp;20.58
2025-11-15T23:39:19.567788;lan/sala1/sensor/temp;23.46
2025-11-15T23:39:20.562503;lan/sala1/sensor/hum;21.29
2025-11-15T23:39:21.470071;lan/sala2/sensor/temp;22.61
2025-11-15T23:39:21.563110;lan/sala1/sensor/hum;24.91
2025-11-15T23:39:22.564270;lan/sala1/sensor/hum;22.32
2025-11-15T23:39:22.567891;lan/sala1/sensor/temp;20.57
2025-11-15T23:39:23.568667;lan/sala1/sensor/temp;24.24
2025-11-15T23:39:24.470326;lan/sala2/sensor/temp;22.62
2025-11-15T23:39:24.565235;lan/sala1/sensor/hum;23.77
2025-11-15T23:39:25.471564;lan/sala2/sensor/temp;20.46
2025-11-15T23:39:25.566267;lan/sala1/sensor/hum;23.42
2025-11-15T23:39:26.567185;lan/sala1/sensor/hum;24.83
2025-11-15T23:39:26.569117;lan/sala1/sensor/temp;20.7
2025-11-15T23:39:27.471944;lan/sala2/sensor/temp;23.12
2025-11-15T23:39:27.569682;lan/sala1/sensor/temp;24.32
2025-11-15T23:39:28.568463;lan/sala1/sensor/hum;24.57
2025-11-15T23:39:29.569939;lan/sala1/sensor/temp;21.96
2025-11-15T23:39:30.472209;lan/sala2/sensor/temp;21.47
2025-11-15T23:39:30.569468;lan/sala1/sensor/hum;22.91
2025-11-15T23:39:31.472544;lan/sala2/sensor/temp;23.88
2025-11-15T23:39:31.570252;lan/sala1/sensor/temp;22.93
2025-11-15T23:39:32.473588;lan/sala2/sensor/temp;23.95
2025-11-15T23:39:32.569738;lan/sala1/sensor/hum;23.17
2025-11-15T23:39:33.570154;lan/sala1/sensor/hum;23.81
2025-11-15T23:39:34.473870;lan/sala2/sensor/temp;21.76
2025-11-15T23:39:34.571189;lan/sala1/sensor/temp;24.07
2025-11-15T23:39:34.571877;lan/sala1/sensor/hum;23.54
2025-11-15T23:39:35.572160;lan/sala1/sensor/hum;22.65
2025-11-15T23:39:35.573160;lan/sala1/sensor/temp;21.71
2025-11-15T23:39:36.474159;lan/sala2/sensor/temp;21.05
2025-11-15T23:39:37.572379;lan/sala1/sensor/hum;24.67
2025-11-15T23:39:38.474691;lan/sala2/sensor/temp;20.08
2025-11-15T23:39:38.572460;lan/sala1/sensor/temp;20.83
2025-11-15T23:39:39.573108;lan/sala1/sensor/hum;22.22
2025-11-15T23:39:39.574050;lan/sala1/sensor/temp;22.38
2025-11-15T23:39:40.573599;lan/sala1/sensor/hum;20.06
2025-11-15T23:39:41.475738;lan/sala2/sensor/temp;22.19
2025-11-15T23:39:41.573652;lan/sala1/sensor/temp;21.9
2025-11-15T23:39:42.574041;lan/sala1/sensor/temp;21.12
2025-11-15T23:39:43.574086;lan/sala1/sensor/hum;23.18
2025-11-15T23:39:43.574832;lan/sala1/sensor/temp;24.81
2025-11-15T23:39:44.476813;lan/sala2/sensor/temp;23.89
2025-11-15T23:39:44.575668;lan/sala1/sensor/temp;21.15
2025-11-15T23:39:45.477058;lan/sala2/sensor/temp;20.66
2025-11-15T23:39:46.477983;lan/sala2/sensor/temp;24.39
2025-11-15T23:39:46.574334;lan/sala1/sensor/hum;21.32
2025-11-15T23:39:46.576251;lan/sala1/sensor/temp;22.4
2025-11-15T23:39:48.478608;lan/sala2/sensor/temp;24.8
2025-11-15T23:39:48.574600;lan/sala1/sensor/hum;21.93
2025-11-15T23:39:49.577140;lan/sala1/sensor/temp;20.45
2025-11-15T23:39:50.479776;lan/sala2/sensor/temp;21.25
2025-11-15T23:39:50.577473;lan/sala1/sensor/temp;22.12
2025-11-15T23:39:51.480010;lan/sala2/sensor/temp;22.3
2025-11-15T23:39:51.575757;lan/sala1/sensor/hum;24.59
2025-11-15T23:39:52.480618;lan/sala2/sensor/temp;20.94
2025-11-15T23:39:52.578123;lan/sala1/sensor/temp;24.2
2025-11-15T23:39:53.578631;lan/sala1/sensor/temp;21.87
2025-11-15T23:39:54.576748;lan/sala1/sensor/hum;21.1
2025-11-15T23:39:55.481326;lan/sala2/sensor/temp;20.82
2025-11-15T23:39:55.579612;lan/sala1/sensor/temp;23.65
2025-11-15T23:39:57.577011;lan/sala1/sensor/hum;22.54
2025-11-15T23:39:57.579945;lan/sala1/sensor/temp;24.63
2025-11-15T23:39:58.481592;lan/sala2/sensor/temp;23.31
2025-11-15T23:39:58.577306;lan/sala1/sensor/hum;21.45
2025-11-15T23:39:58.580206;lan/sala1/sensor/temp;23.96
2025-11-15T23:39:59.577561;lan/sala1/sensor/hum;24.81
2025-11-15T23:40:00.580487;lan/sala1/sensor/temp;24.92
2025-11-15T23:40:01.481951;lan/sala2/sensor/temp;22.25
2025-11-15T23:40:02.482570;lan/sala2/sensor/temp;23.02
2025-11-15T23:40:02.578697;lan/sala1/sensor/hum;21.3
2025-11-15T23:40:02.581666;lan/sala1/sensor/temp;22.51
2025-11-15T23:40:03.483340;lan/sala2/sensor/temp;23.15
2025-11-15T23:40:03.582161;lan/sala1/sensor/temp;24.31
2025-11-15T23:40:04.583140;lan/sala1/sensor/temp;23.82
2025-11-15T23:40:05.484545;lan/sala2/sensor/temp;24.21
2025-11-15T23:40:05.579703;lan/sala1/sensor/hum;21.17
2025-11-15T23:40:06.579970;lan/sala1/sensor/hum;23.39
2025-11-15T23:40:06.583786;lan/sala1/sensor/temp;23.66
2025-11-15T23:40:07.580218;lan/sala1/sensor/hum;22.95
2025-11-15T23:40:08.485718;lan/sala2/sensor/temp;21.59
2025-11-15T23:40:08.580474;lan/sala1/sensor/hum;20.17
2025-11-15T23:40:09.486004;lan/sala2/sensor/temp;22.54
2025-11-15T23:40:09.584083;lan/sala1/sensor/temp;24.23
2025-11-15T23:40:10.486307;lan/sala2/sensor/temp;21.75
2025-11-15T23:40:10.581568;lan/sala1/sensor/hum;23.99
2025-11-15T23:40:12.581879;lan/sala1/sensor/hum;23.8
2025-11-15T23:40:12.584669;lan/sala1/sensor/temp;23.0
2025-11-15T23:40:13.486596;lan/sala2/sensor/temp;20.45
2025-11-15T23:40:14.585762;lan/sala1/sensor/temp;20.95
2025-11-15T23:40:15.582218;lan/sala1/sensor/hum;22.86
2025-11-15T23:40:16.487204;lan/sala2/sensor/temp;21.98
2025-11-15T23:40:16.586248;lan/sala1/sensor/temp;24.56
2025-11-15T23:40:17.487456;lan/sala2/sensor/temp;24.76
2025-11-15T23:40:18.582500;lan/sala1/sensor/hum;23.78
2025-11-15T23:40:19.583092;lan/sala1/sensor/hum;24.71
2025-11-15T23:40:19.586469;lan/sala1/sensor/temp;20.45
2025-11-15T23:40:20.487705;lan/sala2/sensor/temp;24.19
2025-11-15T23:40:20.583567;lan/sala1/sensor/hum;24.14
2025-11-15T23:40:21.488003;lan/sala2/sensor/temp;23.69
2025-11-15T23:40:21.586836;lan/sala1/sensor/temp;23.78
2025-11-15T23:40:22.488598;lan/sala2/sensor/temp;21.16
2025-11-15T23:40:22.584638;lan/sala1/sensor/hum;24.46
2025-11-15T23:40:22.587528;lan/sala1/sensor/temp;23.8
2025-11-15T23:40:24.585813;lan/sala1/sensor/hum;20.81
2025-11-15T23:40:25.489471;lan/sala2/sensor/temp;21.05
2025-11-15T23:40:25.588705;lan/sala1/sensor/temp;21.66
2025-11-15T23:40:26.489741;lan/sala2/sensor/temp;20.39
2025-11-15T23:40:26.586058;lan/sala1/sensor/hum;22.48
2025-11-15T23:40:27.586380;lan/sala1/sensor/hum;21.45
2025-11-15T23:40:27.589377;lan/sala1/sensor/temp;20.15
2025-11-15T23:40:28.490022;lan/sala2/sensor/temp;20.08
2025-11-15T23:40:28.587031;lan/sala1/sensor/hum;20.55
2025-11-15T23:40:30.490286;lan/sala2/sensor/temp;22.64
2025-11-15T23:40:30.588197;lan/sala1/sensor/hum;20.13
2025-11-15T23:40:30.590056;lan/sala1/sensor/temp;23.72
2025-11-15T23:40:31.490543;lan/sala2/sensor/temp;20.72
2025-11-15T23:40:31.588714;lan/sala1/sensor/hum;20.61
2025-11-15T23:40:31.590689;lan/sala1/sensor/temp;22.43
2025-11-15T23:40:32.491085;lan/sala2/sensor/temp;22.71
2025-11-15T23:40:33.591728;lan/sala1/sensor/temp;20.62
2025-11-15T23:40:34.589539;lan/sala1/sensor/hum;22.27
2025-11-15T23:40:35.491717;lan/sala2/sensor/temp;20.52
2025-11-15T23:40:35.592162;lan/sala1/sensor/temp;20.59
2025-11-15T23:40:36.492478;lan/sala2/sensor/temp;23.6
2025-11-15T23:40:36.590594;lan/sala1/sensor/hum;23.18
2025-11-15T23:40:37.493034;lan/sala2/sensor/temp;23.54
2025-11-15T23:40:37.592460;lan/sala1/sensor/temp;21.65
2025-11-15T23:40:38.590840;lan/sala1/sensor/hum;21.7
2025-11-15T23:40:39.493542;lan/sala2/sensor/temp;21.63
2025-11-15T23:40:39.593111;lan/sala1/sensor/temp;24.74
2025-11-15T23:40:40.592089;lan/sala1/sensor/hum;22.22
2025-11-15T23:40:41.494050;lan/sala2/sensor/temp;23.68
2025-11-15T23:40:42.592377;lan/sala1/sensor/hum;24.22
2025-11-15T23:40:42.593577;lan/sala1/sensor/temp;21.93
2025-11-15T23:40:43.494567;lan/sala2/sensor/temp;24.6
2025-11-15T23:40:43.592832;lan/sala1/sensor/hum;21.07
2025-11-15T23:40:44.495093;lan/sala2/sensor/temp;23.23
2025-11-15T23:40:45.593913;lan/sala1/sensor/temp;21.71
2025-11-15T23:40:46.496175;lan/sala2/sensor/temp;24.78
2025-11-15T23:40:46.593563;lan/sala1/sensor/hum;24.77
2025-11-15T23:40:47.497416;lan/sala2/sensor/temp;22.22
2025-11-15T23:40:47.595115;lan/sala1/sensor/temp;23.57
2025-11-15T23:40:48.594181;lan/sala1/sensor/hum;20.3
2025-11-15T23:40:49.595446;lan/sala1/sensor/temp;20.38
2025-11-15T23:40:50.497705;lan/sala2/sensor/temp;20.29
2025-11-15T23:40:50.594405;lan/sala1/sensor/hum;22.86
2025-11-15T23:40:50.596338;lan/sala1/sensor/temp;20.68
2025-11-15T23:40:51.498002;lan/sala2/sensor/temp;24.08
2025-11-15T23:40:51.594737;lan/sala1/sensor/hum;22.17
2025-11-15T23:40:53.595673;lan/sala1/sensor/hum;23.7
2025-11-15T23:40:53.596609;lan/sala1/sensor/temp;20.85
2025-11-15T23:40:54.499121;lan/sala2/sensor/temp;24.5
2025-11-15T23:40:54.595967;lan/sala1/sensor/hum;22.01
2025-11-15T23:40:54.596891;lan/sala1/sensor/temp;21.6
2025-11-15T23:40:55.597246;lan/sala1/sensor/temp;22.06
2025-11-15T23:40:56.596259;lan/sala1/sensor/hum;23.27
2025-11-15T23:40:56.598149;lan/sala1/sensor/temp;20.84
2025-11-15T23:40:57.499509;lan/sala2/sensor/temp;20.91
2025-11-15T23:40:58.596561;lan/sala1/sensor/hum;24.64
2025-11-15T23:40:58.598497;lan/sala1/sensor/temp;21.45
2025-11-15T23:40:59.500687;lan/sala2/sensor/temp;21.0
2025-11-15T23:40:59.598061;lan/sala1/sensor/hum;21.29
2025-11-15T23:41:00.500920;lan/sala2/sensor/temp;22.3
2025-11-15T23:41:01.501310;lan/sala2/sensor/temp;23.89
2025-11-15T23:41:01.599506;lan/sala1/sensor/temp;22.91
2025-11-15T23:41:02.598307;lan/sala1/sensor/hum;22.25
2025-11-15T23:41:03.599487;lan/sala1/sensor/hum;22.71
2025-11-15T23:41:03.600201;lan/sala1/sensor/temp;20.51
2025-11-15T23:41:04.501789;lan/sala2/sensor/temp;24.95
2025-11-15T23:41:04.600690;lan/sala1/sensor/temp;20.36
2025-11-15T23:41:04.601189;lan/sala1/sensor/hum;21.88
2025-11-15T23:41:05.600983;lan/sala1/sensor/temp;24.98
2025-11-15T23:41:06.601470;lan/sala1/sensor/temp;24.88
2025-11-15T23:41:07.502567;lan/sala2/sensor/temp;22.75
2025-11-15T23:41:07.601338;lan/sala1/sensor/hum;21.26
2025-11-15T23:41:08.503513;lan/sala2/sensor/temp;21.57
2025-11-15T23:41:08.602498;lan/sala1/sensor/temp;24.81
2025-11-15T23:41:10.601770;lan/sala1/sensor/hum;23.45
2025-11-15T23:41:11.504543;lan/sala2/sensor/temp;20.52
2025-11-15T23:41:11.603520;lan/sala1/sensor/temp;22.68
2025-11-15T23:41:12.602111;lan/sala1/sensor/hum;23.25
2025-11-15T23:41:13.603104;lan/sala1/sensor/hum;20.5
2025-11-15T23:41:14.505027;lan/sala2/sensor/temp;22.91
2025-11-15T23:41:14.604548;lan/sala1/sensor/temp;21.13
2025-11-15T23:41:16.505487;lan/sala2/sensor/temp;23.24
2025-11-15T23:41:16.603612;lan/sala1/sensor/hum;24.88
2025-11-15T23:41:17.604238;lan/sala1/sensor/hum;22.33
2025-11-15T23:41:17.605088;lan/sala1/sensor/temp;22.18
2025-11-15T23:41:18.604520;lan/sala1/sensor/hum;22.76
2025-11-15T23:41:19.505785;lan/sala2/sensor/temp;20.05
2025-11-15T23:41:20.506038;lan/sala2/sensor/temp;24.36
2025-11-15T23:41:20.605541;lan/sala1/sensor/temp;22.24
2025-11-15T23:41:21.605517;lan/sala1/sensor/hum;23.52
2025-11-15T23:41:21.606353;lan/sala1/sensor/temp;21.56
2025-11-15T23:41:22.506307;lan/sala2/sensor/temp;21.72
2025-11-15T23:41:23.506590;lan/sala2/sensor/temp;23.95
2025-11-15T23:41:23.606498;lan/sala1/sensor/temp;24.52
2025-11-15T23:41:24.606536;lan/sala1/sensor/hum;24.81
2025-11-15T23:41:24.607289;lan/sala1/sensor/temp;24.89
2025-11-15T23:41:25.506853;lan/sala2/sensor/temp;24.01
2025-11-15T23:41:25.607523;lan/sala1/sensor/temp;21.15
2025-11-15T23:41:27.507332;lan/sala2/sensor/temp;23.77
2025-11-15T23:41:27.607559;lan/sala1/sensor/hum;22.06
2025-11-15T23:41:28.607844;lan/sala1/sensor/temp;22.03
2025-11-15T23:41:29.607820;lan/sala1/sensor/hum;22.24
2025-11-15T23:41:29.608758;lan/sala1/sensor/temp;21.73
2025-11-15T23:41:30.507621;lan/sala2/sensor/temp;22.36
2025-11-15T23:41:30.609524;lan/sala1/sensor/temp;22.68
2025-11-15T23:41:31.610522;lan/sala1/sensor/temp;21.18
2025-11-15T23:41:32.608874;lan/sala1/sensor/hum;23.87
2025-11-15T23:41:32.611667;lan/sala1/sensor/temp;23.99
2025-11-15T23:41:33.508787;lan/sala2/sensor/temp;23.2
2025-11-15T23:41:33.611992;lan/sala1/sensor/temp;20.6
2025-11-15T23:41:34.610043;lan/sala1/sensor/hum;24.08
2025-11-15T23:41:35.509491;lan/sala2/sensor/temp;23.99
2025-11-15T23:41:35.611110;lan/sala1/sensor/hum;22.89
2025-11-15T23:41:35.612984;lan/sala1/sensor/temp;24.56
2025-11-15T23:41:36.509722;lan/sala2/sensor/temp;20.48
2025-11-15T23:41:38.611482;lan/sala1/sensor/hum;21.52
2025-11-15T23:41:38.613433;lan/sala1/sensor/temp;20.2
2025-11-15T23:41:39.510006;lan/sala2/sensor/temp;21.75
2025-11-15T23:41:40.612674;lan/sala1/sensor/hum;21.46
2025-11-15T23:41:40.614533;lan/sala1/sensor/temp;24.2
2025-11-15T23:41:42.510257;lan/sala2/sensor/temp;21.58
2025-11-15T23:41:42.612991;lan/sala1/sensor/hum;20.81
2025-11-15T23:41:42.614883;lan/sala1/sensor/temp;22.47
2025-11-15T23:41:43.615214;lan/sala1/sensor/temp;21.69
2025-11-15T23:41:44.511019;lan/sala2/sensor/temp;21.78
2025-11-15T23:41:45.613501;lan/sala1/sensor/hum;22.31
2025-11-15T23:41:45.616350;lan/sala1/sensor/temp;24.69
2025-11-15T23:41:46.511487;lan/sala2/sensor/temp;22.57
2025-11-15T23:41:48.512681;lan/sala2/sensor/temp;23.28
2025-11-15T23:41:48.613761;lan/sala1/sensor/hum;24.63
2025-11-15T23:41:48.616560;lan/sala1/sensor/temp;21.1
2025-11-15T23:41:50.512956;lan/sala2/sensor/temp;20.45
2025-11-15T23:41:50.614022;lan/sala1/sensor/hum;23.27
2025-11-15T23:41:50.616790;lan/sala1/sensor/temp;22.4
2025-11-15T23:41:51.513482;lan/sala2/sensor/temp;23.24
2025-11-15T23:41:53.614271;lan/sala1/sensor/hum;22.94
2025-11-15T23:41:53.616995;lan/sala1/sensor/temp;21.75
2025-11-15T23:41:54.513722;lan/sala2/sensor/temp;20.4
2025-11-15T23:41:55.514465;lan/sala2/sensor/temp;22.92
2025-11-15T23:41:55.614555;lan/sala1/sensor/hum;24.52
2025-11-15T23:41:56.617308;lan/sala1/sensor/temp;23.33
2025-11-15T23:41:57.515643;lan/sala2/sensor/temp;24.05
2025-11-15T23:41:57.615431;lan/sala1/sensor/hum;23.28
2025-11-15T23:41:58.515887;lan/sala2/sensor/temp;22.22
2025-11-15T23:41:58.618000;lan/sala1/sensor/temp;24.28
2025-11-15T23:41:59.615701;lan/sala1/sensor/hum;21.77
2025-11-15T23:42:00.615978;lan/sala1/sensor/hum;23.44
2025-11-15T23:42:01.516622;lan/sala2/sensor/temp;23.88
2025-11-15T23:42:01.616249;lan/sala1/sensor/hum;23.38
2025-11-15T23:42:01.618190;lan/sala1/sensor/temp;21.58
2025-11-15T23:42:02.616531;lan/sala1/sensor/hum;20.33
2025-11-15T23:42:02.618506;lan/sala1/sensor/temp;21.23
2025-11-15T23:42:04.516898;lan/sala2/sensor/temp;21.24
2025-11-15T23:42:04.619516;lan/sala1/sensor/temp;20.15
2025-11-15T23:42:05.616895;lan/sala1/sensor/hum;20.44
2025-11-15T23:42:05.619808;lan/sala1/sensor/temp;20.66
2025-11-15T23:42:07.517199;lan/sala2/sensor/temp;23.4
2025-11-15T23:42:08.517470;lan/sala2/sensor/temp;21.71
2025-11-15T23:42:08.617152;lan/sala1/sensor/hum;22.78
2025-11-15T23:42:08.620130;lan/sala1/sensor/temp;22.6
2025-11-15T23:42:10.617430;lan/sala1/sensor/hum;20.41
2025-11-15T23:42:10.620381;lan/sala1/sensor/temp;21.37
2025-11-15T23:42:11.517951;lan/sala2/sensor/temp;21.01
2025-11-15T23:42:11.620652;lan/sala1/sensor/temp;23.78
2025-11-15T23:42:12.617931;lan/sala1/sensor/hum;22.29
2025-11-15T23:42:13.621501;lan/sala1/sensor/temp;23.28
2025-11-15T23:42:14.518561;lan/sala2/sensor/temp;22.44
2025-11-15T23:42:14.621932;lan/sala1/sensor/temp;21.98
2025-11-15T23:42:15.618216;lan/sala1/sensor/hum;24.37
2025-11-15T23:42:16.519504;lan/sala2/sensor/temp;20.61
2025-11-15T23:42:16.618478;lan/sala1/sensor/hum;22.18
2025-11-15T23:42:17.622140;lan/sala1/sensor/temp;20.37
2025-11-15T23:42:18.519762;lan/sala2/sensor/temp;21.23
2025-11-15T23:42:19.618901;lan/sala1/sensor/hum;23.97
2025-11-15T23:42:19.622966;lan/sala1/sensor/temp;21.22
2025-11-15T23:42:20.623682;lan/sala1/sensor/temp;24.48
2025-11-15T23:42:21.520040;lan/sala2/sensor/temp;20.48
2025-11-15T23:42:21.619489;lan/sala1/sensor/hum;21.32
2025-11-15T23:42:22.620427;lan/sala1/sensor/hum;24.06
2025-11-15T23:42:23.624010;lan/sala1/sensor/temp;23.17
2025-11-15T23:42:24.521205;lan/sala2/sensor/temp;21.9
2025-11-15T23:42:24.625024;lan/sala1/sensor/temp;24.56
2025-11-15T23:42:25.620849;lan/sala1/sensor/hum;20.93
2025-11-15T23:42:25.625737;lan/sala1/sensor/temp;23.42
2025-11-15T23:42:26.521582;lan/sala2/sensor/temp;23.64
2025-11-15T23:42:26.621483;lan/sala1/sensor/hum;22.35
2025-11-15T23:42:27.522869;lan/sala2/sensor/temp;20.06
2025-11-15T23:42:28.626405;lan/sala1/sensor/temp;20.14
2025-11-15T23:42:29.622394;lan/sala1/sensor/hum;21.73
2025-11-15T23:42:30.523214;lan/sala2/sensor/temp;20.5
2025-11-15T23:42:31.523642;lan/sala2/sensor/temp;21.42
2025-11-15T23:42:31.627005;lan/sala1/sensor/temp;22.19
2025-11-15T23:42:32.623041;lan/sala1/sensor/hum;21.05
2025-11-15T23:42:33.627342;lan/sala1/sensor/temp;23.02
2025-11-15T23:42:34.524244;lan/sala2/sensor/temp;20.21
2025-11-15T23:42:35.524993;lan/sala2/sensor/temp;20.37
2025-11-15T23:42:35.623512;lan/sala1/sensor/hum;20.66
2025-11-15T23:42:36.627655;lan/sala1/sensor/temp;20.4
2025-11-15T23:42:37.628154;lan/sala1/sensor/temp;23.64
2025-11-15T23:42:38.525433;lan/sala2/sensor/temp;23.3
2025-11-15T23:42:38.624477;lan/sala1/sensor/hum;23.53
2025-11-15T23:42:39.525785;lan/sala2/sensor/temp;24.94
2025-11-15T23:42:39.629146;lan/sala1/sensor/temp;22.5
2025-11-15T23:42:40.625408;lan/sala1/sensor/hum;21.94
2025-11-15T23:42:41.629447;lan/sala1/sensor/temp;22.32
2025-11-15T23:42:42.526427;lan/sala2/sensor/temp;24.37
2025-11-15T23:42:42.626400;lan/sala1/sensor/hum;20.58
2025-11-15T23:42:43.630480;lan/sala1/sensor/temp;22.53
2025-11-15T23:42:44.526665;lan/sala2/sensor/temp;21.6
2025-11-15T23:42:44.626700;lan/sala1/sensor/hum;20.92
2025-11-15T23:42:45.631535;lan/sala1/sensor/temp;20.59
2025-11-15T23:42:46.632501;lan/sala1/sensor/temp;24.34
2025-11-15T23:42:47.526953;lan/sala2/sensor/temp;20.56
2025-11-15T23:42:47.626943;lan/sala1/sensor/hum;24.9
2025-11-15T23:42:48.633162;lan/sala1/sensor/temp;22.46
2025-11-15T23:42:49.527556;lan/sala2/sensor/temp;20.54
2025-11-15T23:42:49.627230;lan/sala1/sensor/hum;23.72
2025-11-15T23:42:49.633853;lan/sala1/sensor/temp;23.97
2025-11-15T23:42:50.627475;lan/sala1/sensor/hum;20.03
2025-11-15T23:42:51.527827;lan/sala2/sensor/temp;24.73
2025-11-15T23:42:51.634324;lan/sala1/sensor/temp;20.86
2025-11-15T23:42:52.628644;lan/sala1/sensor/hum;20.68
2025-11-15T23:42:53.528113;lan/sala2/sensor/temp;24.78
2025-11-15T23:42:53.629466;lan/sala1/sensor/hum;23.58
2025-11-15T23:42:53.635549;lan/sala1/sensor/temp;21.55
2025-11-15T23:42:54.630434;lan/sala1/sensor/hum;24.18
2025-11-15T23:42:55.630691;lan/sala1/sensor/hum;20.23
2025-11-15T23:42:56.528382;lan/sala2/sensor/temp;20.66
2025-11-15T23:42:56.631095;lan/sala1/sensor/hum;22.47
2025-11-15T23:42:56.636474;lan/sala1/sensor/temp;22.02
2025-11-15T23:42:57.528916;lan/sala2/sensor/temp;24.67
2025-11-15T23:42:57.631730;lan/sala1/sensor/hum;23.82
2025-11-15T23:42:58.637206;lan/sala1/sensor/temp;24.64
2025-11-15T23:42:59.632005;lan/sala1/sensor/hum;20.65
2025-11-15T23:43:00.529468;lan/sala2/sensor/temp;24.53
2025-11-15T23:43:00.632254;lan/sala1/sensor/hum;22.51
2025-11-15T23:43:01.637535;lan/sala1/sensor/temp;21.79
2025-11-15T23:43:02.633381;lan/sala1/sensor/hum;21.13
2025-11-15T23:43:03.529801;lan/sala2/sensor/temp;20.57
2025-11-15T23:43:04.637789;lan/sala1/sensor/temp;20.48
2025-11-15T23:43:05.530092;lan/sala2/sensor/temp;22.64
2025-11-15T23:43:05.633693;lan/sala1/sensor/hum;24.04
2025-11-15T23:43:05.637953;lan/sala1/sensor/temp;20.23
2025-11-15T23:43:07.530331;lan/sala2/sensor/temp;23.84
2025-11-15T23:43:07.633941;lan/sala1/sensor/hum;20.66
2025-11-15T23:43:08.638321;lan/sala1/sensor/temp;22.33
2025-11-15T23:43:09.531078;lan/sala2/sensor/temp;21.15
2025-11-15T23:43:09.634227;lan/sala1/sensor/hum;21.1
2025-11-15T23:43:11.639502;lan/sala1/sensor/temp;23.04
2025-11-15T23:43:12.532016;lan/sala2/sensor/temp;24.75
2025-11-15T23:43:12.634479;lan/sala1/sensor/hum;21.89
2025-11-15T23:43:14.635534;lan/sala1/sensor/hum;20.13
2025-11-15T23:43:14.640486;lan/sala1/sensor/temp;21.15
2025-11-15T23:43:15.532229;lan/sala2/sensor/temp;24.82
2025-11-15T23:43:16.641136;lan/sala1/sensor/temp;23.25
2025-11-15T23:43:17.533398;lan/sala2/sensor/temp;22.33
2025-11-15T23:43:17.636588;lan/sala1/sensor/hum;21.92
2025-11-15T23:43:17.641550;lan/sala1/sensor/temp;23.33
2025-11-15T23:43:19.533631;lan/sala2/sensor/temp;24.03
2025-11-15T23:43:20.636822;lan/sala1/sensor/hum;24.96
2025-11-15T23:43:20.641793;lan/sala1/sensor/temp;20.94
2025-11-15T23:43:21.533909;lan/sala2/sensor/temp;23.34
2025-11-15T23:43:22.534375;lan/sala2/sensor/temp;21.37
2025-11-15T23:43:22.637117;lan/sala1/sensor/hum;21.49
2025-11-15T23:43:22.642065;lan/sala1/sensor/temp;23.76
2025-11-15T23:43:24.535548;lan/sala2/sensor/temp;21.66
2025-11-15T23:43:24.642505;lan/sala1/sensor/temp;22.88
2025-11-15T23:43:25.638142;lan/sala1/sensor/hum;20.79
2025-11-15T23:43:25.643395;lan/sala1/sensor/temp;21.83
2025-11-15T23:43:26.644387;lan/sala1/sensor/temp;22.73
2025-11-15T23:43:27.536167;lan/sala2/sensor/temp;24.06
2025-11-15T23:43:27.638411;lan/sala1/sensor/hum;24.31
2025-11-15T23:43:28.639615;lan/sala1/sensor/hum;22.57
2025-11-15T23:43:29.537263;lan/sala2/sensor/temp;23.05
2025-11-15T23:43:29.640574;lan/sala1/sensor/hum;20.78
2025-11-15T23:43:29.645439;lan/sala1/sensor/temp;21.12
2025-11-15T23:43:30.537517;lan/sala2/sensor/temp;20.88
2025-11-15T23:43:30.645748;lan/sala1/sensor/temp;22.78
2025-11-15T23:43:32.641076;lan/sala1/sensor/hum;23.96
2025-11-15T23:43:32.646034;lan/sala1/sensor/temp;22.96
2025-11-15T23:43:33.538423;lan/sala2/sensor/temp;21.83
2025-11-15T23:43:33.646450;lan/sala1/sensor/temp;24.97
2025-11-15T23:43:35.539455;lan/sala2/sensor/temp;22.1
2025-11-15T23:43:35.641649;lan/sala1/sensor/hum;22.09
2025-11-15T23:43:36.646721;lan/sala1/sensor/temp;23.92
2025-11-15T23:43:37.539741;lan/sala2/sensor/temp;22.76
2025-11-15T23:43:37.647025;lan/sala1/sensor/temp;24.37
2025-11-15T23:43:38.641915;lan/sala1/sensor/hum;22.37
2025-11-15T23:43:40.540010;lan/sala2/sensor/temp;21.1
2025-11-15T23:43:40.648162;lan/sala1/sensor/temp;20.7
2025-11-15T23:43:41.540397;lan/sala2/sensor/temp;21.16
2025-11-15T23:43:41.642160;lan/sala1/sensor/hum;24.9
2025-11-15T23:43:42.540621;lan/sala2/sensor/temp;20.95
2025-11-15T23:43:42.648432;lan/sala1/sensor/temp;23.66
2025-11-15T23:43:43.540876;lan/sala2/sensor/temp;22.61
2025-11-15T23:43:43.642889;lan/sala1/sensor/hum;23.24
2025-11-15T23:43:45.643467;lan/sala1/sensor/hum;24.38
2025-11-15T23:43:45.649421;lan/sala1/sensor/temp;21.04
2025-11-15T23:43:46.541307;lan/sala2/sensor/temp;22.44
2025-11-15T23:43:46.643800;lan/sala1/sensor/hum;21.65
2025-11-15T23:43:46.649685;lan/sala1/sensor/temp;24.37
2025-11-15T23:43:47.541577;lan/sala2/sensor/temp;23.72
2025-11-15T23:43:47.649985;lan/sala1/sensor/temp;20.66
2025-11-15T23:43:48.644486;lan/sala1/sensor/hum;24.3
2025-11-15T23:43:49.541842;lan/sala2/sensor/temp;21.41
2025-11-15T23:43:50.645490;lan/sala1/sensor/hum;20.61
2025-11-15T23:43:50.650392;lan/sala1/sensor/temp;23.11
2025-11-15T23:43:51.543110;lan/sala2/sensor/temp;20.9
2025-11-15T23:43:51.646311;lan/sala1/sensor/hum;20.3
2025-11-15T23:43:52.543913;lan/sala2/sensor/temp;24.77
2025-11-15T23:43:52.650712;lan/sala1/sensor/temp;24.45
2025-11-15T23:43:53.650962;lan/sala1/sensor/temp;20.26
2025-11-15T23:43:54.647376;lan/sala1/sensor/hum;20.12
2025-11-15T23:43:54.651247;lan/sala1/sensor/temp;21.27
2025-11-15T23:43:55.544409;lan/sala2/sensor/temp;21.93
2025-11-15T23:43:55.647592;lan/sala1/sensor/hum;21.65
2025-11-15T23:43:55.651618;lan/sala1/sensor/temp;24.53
2025-11-15T23:43:56.545374;lan/sala2/sensor/temp;23.06
2025-11-15T23:43:57.648811;lan/sala1/sensor/hum;22.64
2025-11-15T23:43:57.651814;lan/sala1/sensor/temp;22.11
2025-11-15T23:43:58.649477;lan/sala1/sensor/hum;24.32
2025-11-15T23:43:58.652444;lan/sala1/sensor/temp;22.44
2025-11-15T23:43:59.546071;lan/sala2/sensor/temp;23.9
2025-11-15T23:43:59.650162;lan/sala1/sensor/hum;22.88
2025-11-15T23:43:59.653135;lan/sala1/sensor/temp;21.29
2025-11-15T23:44:00.650401;lan/sala1/sensor/hum;24.82
2025-11-15T23:44:00.653448;lan/sala1/sensor/temp;23.41
2025-11-15T23:44:01.547144;lan/sala2/sensor/temp;22.73
2025-11-15T23:44:02.653857;lan/sala1/sensor/temp;24.86
2025-11-15T23:44:03.650842;lan/sala1/sensor/hum;23.92
2025-11-15T23:44:03.654072;lan/sala1/sensor/temp;20.71
2025-11-15T23:44:04.547398;lan/sala2/sensor/temp;21.59
2025-11-15T23:44:04.655258;lan/sala1/sensor/temp;21.29
2025-11-15T23:44:06.651470;lan/sala1/sensor/hum;20.84
2025-11-15T23:44:07.547667;lan/sala2/sensor/temp;22.55
2025-11-15T23:44:07.652477;lan/sala1/sensor/hum;20.68
2025-11-15T23:44:07.656371;lan/sala1/sensor/temp;24.91
2025-11-15T23:44:10.548581;lan/sala2/sensor/temp;20.2
2025-11-15T23:44:10.652931;lan/sala1/sensor/hum;23.03
2025-11-15T23:44:10.657196;lan/sala1/sensor/temp;20.4
2025-11-15T23:44:11.653353;lan/sala1/sensor/hum;22.13
2025-11-15T23:44:12.657560;lan/sala1/sensor/temp;21.28
2025-11-15T23:44:13.549503;lan/sala2/sensor/temp;23.83
2025-11-15T23:44:13.653595;lan/sala1/sensor/hum;24.61
2025-11-15T23:44:15.658618;lan/sala1/sensor/temp;22.04
2025-11-15T23:44:16.549997;lan/sala2/sensor/temp;21.78
2025-11-15T23:44:16.653829;lan/sala1/sensor/hum;22.74
2025-11-15T23:44:17.659544;lan/sala1/sensor/temp;21.16
2025-11-15T23:44:18.550267;lan/sala2/sensor/temp;20.96
2025-11-15T23:44:18.654111;lan/sala1/sensor/hum;22.0
2025-11-15T23:44:20.550547;lan/sala2/sensor/temp;22.7
2025-11-15T23:44:20.654359;lan/sala1/sensor/hum;22.4
2025-11-15T23:44:20.659789;lan/sala1/sensor/temp;24.86
2025-11-15T23:44:21.660066;lan/sala1/sensor/temp;22.85
2025-11-15T23:44:22.660375;lan/sala1/sensor/temp;20.07
2025-11-15T23:44:23.551625;lan/sala2/sensor/temp;21.17
2025-11-15T23:44:23.655467;lan/sala1/sensor/hum;24.9
2025-11-15T23:44:25.552323;lan/sala2/sensor/temp;21.07
2025-11-15T23:44:25.655712;lan/sala1/sensor/hum;24.1
2025-11-15T23:44:25.660576;lan/sala1/sensor/temp;20.74
2025-11-15T23:44:26.553320;lan/sala2/sensor/temp;23.46
2025-11-15T23:44:27.553582;lan/sala2/sensor/temp;21.05
2025-11-15T23:44:27.656490;lan/sala1/sensor/hum;20.3
2025-11-15T23:44:28.661242;lan/sala1/sensor/temp;24.22
2025-11-15T23:44:29.553845;lan/sala2/sensor/temp;23.87
2025-11-15T23:44:29.656735;lan/sala1/sensor/hum;23.41
2025-11-15T23:44:29.661693;lan/sala1/sensor/temp;24.25
2025-11-15T23:44:30.657012;lan/sala1/sensor/hum;22.03
2025-11-15T23:44:31.554320;lan/sala2/sensor/temp;24.32
2025-11-15T23:44:32.555275;lan/sala2/sensor/temp;21.64
2025-11-15T23:44:32.657278;lan/sala1/sensor/hum;22.16
2025-11-15T23:44:32.661931;lan/sala1/sensor/temp;22.03
2025-11-15T23:44:33.555526;lan/sala2/sensor/temp;24.67
2025-11-15T23:44:34.662833;lan/sala1/sensor/temp;23.63
2025-11-15T23:44:35.657593;lan/sala1/sensor/hum;23.54
2025-11-15T23:44:35.663268;lan/sala1/sensor/temp;21.32
2025-11-15T23:44:36.555845;lan/sala2/sensor/temp;22.94
2025-11-15T23:44:36.657845;lan/sala1/sensor/hum;22.9
2025-11-15T23:44:36.664229;lan/sala1/sensor/temp;22.56
2025-11-15T23:44:38.556242;lan/sala2/sensor/temp;20.45
2025-11-15T23:44:38.658108;lan/sala1/sensor/hum;24.27
2025-11-15T23:44:39.557353;lan/sala2/sensor/temp;24.22
2025-11-15T23:44:39.664813;lan/sala1/sensor/temp;23.53
2025-11-15T23:44:40.557797;lan/sala2/sensor/temp;20.22
2025-11-15T23:44:41.658383;lan/sala1/sensor/hum;20.8
2025-11-15T23:44:42.558091;lan/sala2/sensor/temp;21.63
2025-11-15T23:44:42.659474;lan/sala1/sensor/hum;22.72
2025-11-15T23:44:42.665578;lan/sala1/sensor/temp;21.42
2025-11-15T23:44:43.659750;lan/sala1/sensor/hum;22.58
2025-11-15T23:44:44.558384;lan/sala2/sensor/temp;21.48
2025-11-15T23:44:45.559482;lan/sala2/sensor/temp;22.35
2025-11-15T23:44:45.666121;lan/sala1/sensor/temp;21.62
2025-11-15T23:44:46.659998;lan/sala1/sensor/hum;21.37
2025-11-15T23:44:46.666283;lan/sala1/sensor/temp;22.97
2025-11-15T23:44:47.660261;lan/sala1/sensor/hum;23.88
2025-11-15T23:44:48.559747;lan/sala2/sensor/temp;22.83
2025-11-15T23:44:48.667249;lan/sala1/sensor/temp;20.52
2025-11-15T23:44:49.560018;lan/sala2/sensor/temp;22.08
2025-11-15T23:44:49.667541;lan/sala1/sensor/temp;24.71
2025-11-15T23:44:50.560282;lan/sala2/sensor/temp;23.49
2025-11-15T23:44:50.660529;lan/sala1/sensor/hum;23.05
2025-11-15T23:44:51.668441;lan/sala1/sensor/temp;23.86
2025-11-15T23:44:52.669511;lan/sala1/sensor/temp;21.45
2025-11-15T23:44:53.560554;lan/sala2/sensor/temp;22.16
2025-11-15T23:44:53.661473;lan/sala1/sensor/hum;20.78
2025-11-15T23:44:53.669729;lan/sala1/sensor/temp;23.73
2025-11-15T23:44:55.661694;lan/sala1/sensor/hum;24.81
2025-11-15T23:44:56.560821;lan/sala2/sensor/temp;22.81
2025-11-15T23:44:56.670029;lan/sala1/sensor/temp;22.79
2025-11-15T23:44:58.661955;lan/sala1/sensor/hum;23.85
2025-11-15T23:44:59.561522;lan/sala2/sensor/temp;23.1
2025-11-15T23:44:59.662796;lan/sala1/sensor/hum;23.84
2025-11-15T23:44:59.670254;lan/sala1/sensor/temp;23.39
2025-11-15T23:45:01.561912;lan/sala2/sensor/temp;22.78
2025-11-15T23:45:01.663909;lan/sala1/sensor/hum;24.1
2025-11-15T23:45:02.562383;lan/sala2/sensor/temp;24.3
2025-11-15T23:45:02.670539;lan/sala1/sensor/temp;23.4
